segID,cellID in DB,seedID,done by,cell name,soma,class,sublayer,on/off,type,CtN phase,CtN zone,notes
60360,170,250270,BO,Bomni Cell 659 ,INL,BC,-,ON,BC5i,-,-,
60033,172,250273,O/BO,Bomni Cell 661 ,INL,BC,-,ON,BC5i,-,-,
60374,187,256480,BO,Bomni Cell 675 ,INL,BC,-,ON,BC5i,-,-,
60380,194,258796,BO,Bomni Cell 682 ,INL,BC,-,ON,BC5i,-,-,
60383,199,258885,BO,Bomni Cell 687 ,INL,BC,-,ON,BC5i,-,-,
60386,204,261147,BO,Bomni Cell 690 ,INL,BC,-,ON,BC5i,-,-,
60388,206,261149,BO,Bomni Cell 692 ,INL,BC,-,ON,BC5i,-,-,
60389,207,261189,BO,Bomni Cell 693 ,INL,BC,-,ON,BC5i,-,-,
60404,230,263512,BO,Bomni Cell 712 ,INL,BC,-,ON,BC5i,-,-,
60410,237,267299,BO,Bomni Cell 719 ,INL,BC,-,ON,BC5i,-,-,
60414,243,267305,BO,Bomni Cell 725 ,INL,BC,-,ON,BC5i,-,-,
60415,244,267306,BO,Bomni Cell 726 ,INL,BC,-,ON,BC5i,-,-,
60421,250,267312,BO,Bomni Cell 732 ,INL,BC,-,ON,BC5i,-,-,
60439,272,274944,BO,Bomni Cell 745,INL,BC,-,ON,BC5i,-,-,
60442,275,274947,BO,Bomni Cell 748,INL,BC,-,ON,BC5i,-,-,
60450,285,277115,BO,Bomni Cell 757,INL,BC,-,ON,BC5i,-,-,
60458,297,284922,BO,Bomni Cell 765,INL,BC,-,ON,BC5i,-,-,
60460,299,284924,BO,Bomni Cell 767,INL,BC,-,ON,BC5i,-,-,
60462,304,291176,BO,Bomni Cell 769,INL,BC,-,ON,BC5i,-,-,
60478,323,293422,BO,Bomni Cell 785,INL,BC,-,ON,BC5i,-,-,
60488,336,294660,BO,Bomni Cell 796,INL,BC,-,ON,BC5i,-,-,
60491,340,294664,BO,Bomni Cell 800,INL,BC,-,ON,BC5i,-,-,
60497,393,334998,BO,Bomni Cell 816,INL,BC,-,ON,BC5i,-,-,
60498,394,335002,BO,Bomni Cell 817,INL,BC,-,ON,BC5i,-,-,
60504,413,352368,BO,Bomni Cell 825,INL,BC,-,ON,BC5i,-,-,
60505,414,352369,BO,Bomni Cell 826,INL,BC,-,ON,BC5i,-,-,
60510,419,352378,BO,Bomni Cell 831,INL,BC,-,ON,BC5i,-,-,
60514,431,361993,BO,Bomni Cell 835,INL,BC,-,ON,BC5i,-,-,
60519,436,361998,BO,Bomni Cell 840,INL,BC,-,ON,BC5i,-,-,
60522,447,366479,BO,Bomni Cell 843,INL,BC,-,ON,BC5i,-,-,
60523,448,366480,BO,Bomni Cell 844,INL,BC,-,ON,BC5i,-,-,
60528,453,366486,BO,Bomni Cell 849,INL,BC,-,ON,BC5i,-,-,
60541,478,375145,BO,Bomni Cell 862,INL,BC,-,ON,BC5i,-,-,
60542,479,375312,BO,Bomni Cell 863,INL,BC,-,ON,BC5i,-,-,
60020,-,-,O,-,INL,BC,-,ON,BC5i,-,-,
60615,-,-,O,-,INL,BC,-,ON,BC5i,-,-,
60617,-,-,O,-,INL,BC,-,ON,BC5i,-,-,
60619,-,-,O,-,INL,BC,-,ON,BC5i,-,-,
60620,-,-,O,-,INL,BC,-,ON,BC5i,-,-,
60621,-,-,O,-,INL,BC,-,ON,BC5i,-,-,
60618,-,-,O,-,INL,BC,-,ON,BC5i,-,-,
60364,175,255279,BO,Bomni Cell 663 ,INL,BC,-,ON,BC5o,-,-,
60390,209,261193,BO,Bomni Cell 695 ,INL,BC,-,ON,BC5o,-,-,
60405,232,263514,BO,Bomni Cell 714 ,INL,BC,-,ON,BC5o,-,-,
60406,233,263515,BO,Bomni Cell 715 ,INL,BC,-,ON,BC5o,-,-,
60420,249,267311,BO,Bomni Cell 731 ,INL,BC,-,ON,BC5o,-,-,
60432,261,269599,BO,Bomni Cell 738 ,INL,BC,-,ON,BC5o,-,-,
60434,263,269601,BO,Bomni Cell 740 ,INL,BC,-,ON,BC5o,-,-,
60440,273,274945,BO,Bomni Cell 746,INL,BC,-,ON,BC5o,-,-,
60447,281,276994,BO,Bomni Cell 753,INL,BC,-,ON,BC5o,-,-,
60453,292,284874,BO,Bomni Cell 760,INL,BC,-,ON,BC5o,-,-,
60459,298,284923,BO,Bomni Cell 766,INL,BC,-,ON,BC5o,-,-,
60466,308,291180,BO,Bomni Cell 773,INL,BC,-,ON,BC5o,-,-,
60473,318,293417,BO,Bomni Cell 780,INL,BC,-,ON,BC5o,-,-,
60484,331,294655,BO,Bomni Cell 791,INL,BC,-,ON,BC5o,-,-,
60490,339,294663,BO,Bomni Cell 799,INL,BC,-,ON,BC5o,-,-,
60495,344,294668,BO,Bomni Cell 804,INL,BC,-,ON,BC5o,-,-,
60513,422,352381,BO,Bomni Cell 834,INL,BC,-,ON,BC5o,-,-,
60534,471,375138,BO,Bomni Cell 855,INL,BC,-,ON,BC5o,-,-,
60540,477,375144,BO,Bomni Cell 861,INL,BC,-,ON,BC5o,-,-,
60556,577,460813,BO,Bomni Cell 877,INL,BC,-,ON,BC5o,-,-,
60559,580,460817,BO,Bomni Cell 880,INL,BC,-,ON,BC5o,-,-,
60608,655,487389,BO,Bomni Cell 931,INL,BC,-,ON,BC5o,-,-,
60612,659,488436,BO,Bomni Cell 935,INL,BC,-,ON,BC5o,-,-,
60018,-,-,O,-,INL,BC,-,ON,BC5o,-,-,
60061,-,-,O,-,INL,BC,-,ON,BC5o,-,-,
60064,-,-,O,-,INL,BC,-,ON,BC5o,-,-,
60071,-,-,O,-,INL,BC,-,ON,BC5o,-,-,
60532,457,366490,BO,Bomni Cell 853,INL,BC,-,ON,BC5o,-,-,
60543,480,375313,BO,Bomni Cell 864,INL,BC,-,ON,BC5t,-,-,
60452,287,277117,BO,Bomni Cell 759,INL,BC,-,ON,BC5t,-,-,
60366,178,256063,BO,Bomni Cell 666 ,INL,BC,-,ON,BC5t,-,-,
60371,184,256466,BO,Bomni Cell 672 ,INL,BC,-,ON,BC5t,-,-,
60387,205,261148,BO,Bomni Cell 691 ,INL,BC,-,ON,BC5t,-,-,
60395,216,261236,BO,Bomni Cell 702 ,INL,BC,-,ON,BC5t,-,-,
60399,225,263507,BO,Bomni Cell 707 ,INL,BC,-,ON,BC5t,-,-,
60403,229,263511,BO,Bomni Cell 711 ,INL,BC,-,ON,BC5t,-,-,
60408,235,263517,BO,Bomni Cell 717 ,INL,BC,-,ON,BC5t,-,-,
60411,238,267300,BO,Bomni Cell 720 ,INL,BC,-,ON,BC5t,-,-,
60436,265,269603,BO,Bomni Cell 742 ,INL,BC,-,ON,BC5t,-,-,
60445,279,276992,BO,Bomni Cell 751,INL,BC,-,ON,BC5t,-,-,
60448,283,277113,BO,Bomni Cell 755,INL,BC,-,ON,BC5t,-,-,
60465,307,291179,BO,Bomni Cell 772,INL,BC,-,ON,BC5t,-,-,
60469,312,292451,BO,Bomni Cell 776,INL,BC,-,ON,BC5t,-,-,
60481,326,293425,BO,Bomni Cell 788,INL,BC,-,ON,BC5t,-,-,
60502,411,352328,BO,Bomni Cell 823,INL,BC,-,ON,BC5t,-,-,
60503,412,352367,BO,Bomni Cell 824,INL,BC,-,ON,BC5t,-,-,
60507,416,352372,BO,Bomni Cell 828,INL,BC,-,ON,BC5t,-,-,
60527,452,366485,BO,Bomni Cell 848,INL,BC,-,ON,BC5t,-,-,
60533,470,375136,BO,Bomni Cell 854,INL,BC,-,ON,BC5t,-,-,
60535,472,375139,BO,Bomni Cell 856,INL,BC,-,ON,BC5t,-,-,
60538,475,375142,BO,Bomni Cell 859,INL,BC,-,ON,BC5t,-,-,
60054,-,-,O,-,INL,BC,-,ON,BC5t,-,-,
60155,-,-,O,-,INL,BC,-,ON,BC5t,-,-,
60489,338,294662,BO,Bomni Cell 798,INL,BC,-,ON,BC6,-,-,
60422,158,248117,BO,Bomni Cell 651 ,INL,BC,-,ON,BC6,-,-,
60356,162,248804,BO,Bomni Cell 654 ,INL,BC,-,ON,BC6,-,-,
60060,180,256129,O/BO,Bomni Cell 668 ,INL,BC,-,ON,BC6,-,-,
60423,210,261195,BO,Bomni Cell 696 ,INL,BC,-,ON,BC6,-,-,
60394,215,261235,BO,Bomni Cell 701 ,INL,BC,-,ON,BC6,-,-,
60425,222,263504,BO,Bomni Cell 704 ,INL,BC,-,ON,BC6,-,-,
60398,224,263506,BO,Bomni Cell 706 ,INL,BC,-,ON,BC6,-,-,
60401,227,263509,BO,Bomni Cell 709 ,INL,BC,-,ON,BC6,-,-,
60426,231,263513,BO,Bomni Cell 713 ,INL,BC,-,ON,BC6,-,-,
60407,234,263516,BO,Bomni Cell 716 ,INL,BC,-,ON,BC6,-,-,
60428,256,269594,BO,Bomni Cell 733 ,INL,BC,-,ON,BC6,-,-,
60443,276,274948,BO,Bomni Cell 749,INL,BC,-,ON,BC6,-,-,
60444,277,274949,BO,Bomni Cell 750,INL,BC,-,ON,BC6,-,-,
60476,321,293420,BO,Bomni Cell 783,INL,BC,-,ON,BC6,-,-,
60477,322,293421,BO,Bomni Cell 784,INL,BC,-,ON,BC6,-,-,
60483,330,294654,BO,Bomni Cell 790,INL,BC,-,ON,BC6,-,-,
60486,334,294658,BO,Bomni Cell 794,INL,BC,-,ON,BC6,-,-,
60496,345,294669,BO,Bomni Cell 805,INL,BC,-,ON,BC6,-,-,
60499,408,352325,BO,Bomni Cell 820,INL,BC,-,ON,BC6,-,-,
60512,421,352380,BO,Bomni Cell 833,INL,BC,-,ON,BC6,-,-,
60516,433,361995,BO,Bomni Cell 837,INL,BC,-,ON,BC6,-,-,
60526,451,366484,BO,Bomni Cell 847,INL,BC,-,ON,BC6,-,-,
60548,485,375318,BO,Bomni Cell 869,INL,BC,-,ON,BC6,-,-,
60549,528,413837,BO,Bomni Cell 870,INL,BC,-,ON,BC6,-,-,
60552,573,460725,BO,Bomni Cell 873,INL,BC,-,ON,BC6,-,-,
60554,575,460809,BO,Bomni Cell 875,INL,BC,-,ON,BC6,-,-,
60561,582,460823,BO,Bomni Cell 882,INL,BC,-,ON,BC6,-,-,
60611,658,488435,BO,Bomni Cell 934,INL,BC,-,ON,BC6,-,-,
60614,-,-,O,-,INL,BC,-,ON,BC6,-,-,
60467,310,292449,BO,Bomni Cell 774,INL,BC,-,ON,BC6,-,-,not sure bipolar
60358,167,250266,BO,Bomni Cell 656 ,INL,BC,-,ON,BC6,-,-,
60370,183,256465,BO,Bomni Cell 671 ,INL,BC,-,ON,BC6,-,-,
60375,189,256482,BO,Bomni Cell 677 ,INL,BC,-,ON,BC6,-,-,
60381,195,258798,BO,Bomni Cell 683 ,INL,BC,-,ON,BC6,-,-,
60416,245,267307,BO,Bomni Cell 727 ,INL,BC,-,ON,BC6,-,-,
60419,248,267310,BO,Bomni Cell 730 ,INL,BC,-,ON,BC6,-,-,
60431,260,269598,BO,Bomni Cell 737 ,INL,BC,-,ON,BC6,-,-,
60441,274,274946,BO,Bomni Cell 747,INL,BC,-,ON,BC6,-,-,
60451,286,277116,BO,Bomni Cell 758,INL,BC,-,ON,BC6,-,-,
60464,306,291178,BO,Bomni Cell 771,INL,BC,-,ON,BC6,-,-,
60487,335,294659,BO,Bomni Cell 795,INL,BC,-,ON,BC6,-,-,
60530,455,366488,BO,Bomni Cell 851,INL,BC,-,ON,BC6,-,-,
60537,474,375141,BO,Bomni Cell 858,INL,BC,-,ON,BC6,-,-,
60036,-,-,O,-,INL,BC,-,ON,BC6,-,-,
60363,174,255276,BO,Bomni Cell 662 ,INL,BC,-,ON,BC6,-,-,
60409,236,267298,BO,Bomni Cell 718 ,INL,BC,-,ON,BC6,-,-,
60361,171,250271,BO,Bomni Cell 660 ,INL,BC,-,ON,BC7,-,-,
60373,186,256479,BO,Bomni Cell 674 ,INL,BC,-,ON,BC7,-,-,
60376,190,258792,BO,Bomni Cell 678 ,INL,BC,-,ON,BC7,-,-,
60377,191,258793,BO,Bomni Cell 679 ,INL,BC,-,ON,BC7,-,-,
60051,201,258887,O/BO,Bomni Cell 689 ,INL,BC,-,ON,BC7,-,-,
60393,214,261234,BO,Bomni Cell 700 ,INL,BC,-,ON,BC7,-,-,
60396,221,263503,BO,Bomni Cell 703 ,INL,BC,-,ON,BC7,-,-,
60397,223,263505,BO,Bomni Cell 705 ,INL,BC,-,ON,BC7,-,-,
60412,240,267302,BO,Bomni Cell 722 ,INL,BC,-,ON,BC7,-,-,
60418,247,267309,BO,Bomni Cell 729 ,INL,BC,-,ON,BC7,-,-,
60429,258,269596,BO,Bomni Cell 735 ,INL,BC,-,ON,BC7,-,-,
60435,264,269602,BO,Bomni Cell 741 ,INL,BC,-,ON,BC7,-,-,
60437,266,269604,BO,Bomni Cell 743 ,INL,BC,-,ON,BC7,-,-,
60446,280,276993,BO,Bomni Cell 752,INL,BC,-,ON,BC7,-,-,
60454,293,284875,BO,Bomni Cell 761,INL,BC,-,ON,BC7,-,-,
60470,313,292452,BO,Bomni Cell 777,INL,BC,-,ON,BC7,-,-,
60480,325,293424,BO,Bomni Cell 787,INL,BC,-,ON,BC7,-,-,
60485,332,294656,BO,Bomni Cell 792,INL,BC,-,ON,BC7,-,-,
60492,341,294665,BO,Bomni Cell 801,INL,BC,-,ON,BC7,-,-,
60508,417,352374,BO,Bomni Cell 829,INL,BC,-,ON,BC7,-,-,
60509,418,352375,BO,Bomni Cell 830,INL,BC,-,ON,BC7,-,-,
60525,450,366483,BO,Bomni Cell 846,INL,BC,-,ON,BC7,-,-,
60529,454,366487,BO,Bomni Cell 850,INL,BC,-,ON,BC7,-,-,
60531,456,366489,BO,Bomni Cell 852,INL,BC,-,ON,BC7,-,-,
60546,483,375316,BO,Bomni Cell 867,INL,BC,-,ON,BC7,-,-,
60553,574,460726,BO,Bomni Cell 874,INL,BC,-,ON,BC7,-,-,
60562,584,460827,BO,Bomni Cell 884,INL,BC,-,ON,BC7,-,-,
60354,159/179,248120/256065,BO,"Bomni Cell 652,667",INL,BC,-,ON,BC7,-,-,
60016,-,-,O,-,INL,BC,-,ON,BC7,-,-,
60433,262,269600,BO,Bomni Cell 739 ,INL,BC,-,ON,BC8,-,-,
60482,329,294653,BO,Bomni Cell 789,INL,BC,-,ON,BC8,-,-,
60500,409,352326,BO,Bomni Cell 821,INL,BC,-,ON,BC8,-,-,
60578,614,480627,BO,Bomni Cell 900,INL,BC,-,ON,BC8,-,-,
60368,181,256130,BO,Bomni Cell 669 ,INL,BC,-,ON,BC9,-,-,
60402,228,263510,BO,Bomni Cell 710 ,INL,BC,-,ON,BC9,-,-,
60417,246,267308,BO,Bomni Cell 728 ,INL,BC,-,ON,BC9,-,-,
60438,267,269605,BO,Bomni Cell 744 ,INL,BC,-,ON,BC9,-,-,
60457,296,284921,BO,Bomni Cell 764,INL,BC,-,ON,BC9,-,-,
60461,300,284925,BO,Bomni Cell 768,INL,BC,-,ON,BC9,-,-,
60463,305,291177,BO,Bomni Cell 770,INL,BC,-,ON,RBC,-,-,
60536,473,375140,BO,Bomni Cell 857,INL,BC,-,ON,RBC,-,-,
60357,163,248817,BO,Bomni Cell 655 ,INL,BC,-,ON,RBC,-,-,
60359,169,250269,BO,Bomni Cell 658 ,INL,BC,-,ON,RBC,-,-,
60365,176,255283,BO,Bomni Cell 664 ,INL,BC,-,ON,RBC,-,-,
60369,182,256131,BO,Bomni Cell 670 ,INL,BC,-,ON,RBC,-,-,
60372,185,256477,BO,Bomni Cell 673 ,INL,BC,-,ON,RBC,-,-,
60378,192,258794,BO,Bomni Cell 680 ,INL,BC,-,ON,RBC,-,-,
60382,197,258883,BO,Bomni Cell 685 ,INL,BC,-,ON,RBC,-,-,
60384,200,258886,BO,Bomni Cell 688 ,INL,BC,-,ON,RBC,-,-,
60392,212,261229,BO,Bomni Cell 698 ,INL,BC,-,ON,RBC,-,-,
60400,226,263508,BO,Bomni Cell 708 ,INL,BC,-,ON,RBC,-,-,
60456,295,284877,BO,Bomni Cell 763,INL,BC,-,ON,RBC,-,-,
60468,311,292450,BO,Bomni Cell 775,INL,BC,-,ON,RBC,-,-,
60471,314,292453,BO,Bomni Cell 778,INL,BC,-,ON,RBC,-,-,
60472,317,293416,BO,Bomni Cell 779,INL,BC,-,ON,RBC,-,-,
60474,319,293418,BO,Bomni Cell 781,INL,BC,-,ON,RBC,-,-,
60475,320,293419,BO,Bomni Cell 782,INL,BC,-,ON,RBC,-,-,
60479,324,293423,BO,Bomni Cell 786,INL,BC,-,ON,RBC,-,-,
60506,415,352370,BO,Bomni Cell 827,INL,BC,-,ON,RBC,-,-,
60515,432,361994,BO,Bomni Cell 836,INL,BC,-,ON,RBC,-,-,
60518,435,361997,BO,Bomni Cell 839,INL,BC,-,ON,RBC,-,-,
60520,445,366477,BO,Bomni Cell 841,INL,BC,-,ON,RBC,-,-,
60521,446,366478,BO,Bomni Cell 842,INL,BC,-,ON,RBC,-,-,
60544,481,375314,BO,Bomni Cell 865,INL,BC,-,ON,RBC,-,-,
60551,572,460724,BO,Bomni Cell 872,INL,BC,-,ON,RBC,-,-,
60555,576,460810,BO,Bomni Cell 876,INL,BC,-,ON,RBC,-,-,
60557,578,460814,BO,Bomni Cell 878,INL,BC,-,ON,RBC,-,-,
60558,579,460815,BO,Bomni Cell 879,INL,BC,-,ON,RBC,-,-,
60560,581,460820,BO,Bomni Cell 881,INL,BC,-,ON,RBC,-,-,
60563,595,474934,BO,Bomni Cell 885,INL,BC,-,ON,RBC,-,-,
60564,596,474935,BO,Bomni Cell 886,INL,BC,-,ON,RBC,-,-,
60565,597,474936,BO,Bomni Cell 887,INL,BC,-,ON,RBC,-,-,
60566,598,474937,BO,Bomni Cell 888,INL,BC,-,ON,RBC,-,-,
60567,599,474938,BO,Bomni Cell 889,INL,BC,-,ON,RBC,-,-,
60568,600,474939,BO,Bomni Cell 890,INL,BC,-,ON,RBC,-,-,
60569,601,474940,BO,Bomni Cell 891,INL,BC,-,ON,RBC,-,-,
60570,602,474941,BO,Bomni Cell 892,INL,BC,-,ON,RBC,-,-,
60571,603,474942,BO,Bomni Cell 893,INL,BC,-,ON,RBC,-,-,
60572,604,474943,BO,Bomni Cell 894,INL,BC,-,ON,RBC,-,-,
60573,605,474944,BO,Bomni Cell 895,INL,BC,-,ON,RBC,-,-,
60574,606,474945,BO,Bomni Cell 896,INL,BC,-,ON,RBC,-,-,
60575,607,474946,BO,Bomni Cell 897,INL,BC,-,ON,RBC,-,-,
60576,612,480625,BO,Bomni Cell 898,INL,BC,-,ON,RBC,-,-,
60577,613,480626,BO,Bomni Cell 899,INL,BC,-,ON,RBC,-,-,
60580,616,480629,BO,Bomni Cell 902,INL,BC,-,ON,RBC,-,-,
60581,617,480630,BO,Bomni Cell 903,INL,BC,-,ON,RBC,-,-,
60582,618,480631,BO,Bomni Cell 904,INL,BC,-,ON,RBC,-,-,
60583,619,480632,BO,Bomni Cell 905,INL,BC,-,ON,RBC,-,-,
60584,620,480633,BO,Bomni Cell 906,INL,BC,-,ON,RBC,-,-,
60585,621,480634,BO,Bomni Cell 907,INL,BC,-,ON,RBC,-,-,
60586,622,480635,BO,Bomni Cell 908,INL,BC,-,ON,RBC,-,-,
60587,623,480636,BO,Bomni Cell 909,INL,BC,-,ON,RBC,-,-,
60588,624,480637,BO,Bomni Cell 910,INL,BC,-,ON,RBC,-,-,
60589,625,480638,BO,Bomni Cell 911,INL,BC,-,ON,RBC,-,-,
60590,626,480639,BO,Bomni Cell 912,INL,BC,-,ON,RBC,-,-,
60591,627,480640,BO,Bomni Cell 913,INL,BC,-,ON,RBC,-,-,
60592,628,480641,BO,Bomni Cell 914,INL,BC,-,ON,RBC,-,-,
60593,629,480642,BO,Bomni Cell 915,INL,BC,-,ON,RBC,-,-,
60594,630,480643,BO,Bomni Cell 916,INL,BC,-,ON,RBC,-,-,
60595,642,487376,BO,Bomni Cell 918,INL,BC,-,ON,RBC,-,-,
60596,643,487377,BO,Bomni Cell 919,INL,BC,-,ON,RBC,-,-,
60597,644,487378,BO,Bomni Cell 920,INL,BC,-,ON,RBC,-,-,
60598,645,487379,BO,Bomni Cell 921,INL,BC,-,ON,RBC,-,-,
60599,646,487380,BO,Bomni Cell 922,INL,BC,-,ON,RBC,-,-,
60600,647,487381,BO,Bomni Cell 923,INL,BC,-,ON,RBC,-,-,
60601,648,487382,BO,Bomni Cell 924,INL,BC,-,ON,RBC,-,-,
60602,649,487383,BO,Bomni Cell 925,INL,BC,-,ON,RBC,-,-,
60603,650,487384,BO,Bomni Cell 926,INL,BC,-,ON,RBC,-,-,
60604,651,487385,BO,Bomni Cell 927,INL,BC,-,ON,RBC,-,-,
60605,652,487386,BO,Bomni Cell 928,INL,BC,-,ON,RBC,-,-,
60606,653,487387,BO,Bomni Cell 929,INL,BC,-,ON,RBC,-,-,
60607,654,487388,BO,Bomni Cell 930,INL,BC,-,ON,RBC,-,-,
60609,656,487390,BO,Bomni Cell 932,INL,BC,-,ON,RBC,-,-,
60610,657,488434,BO,Bomni Cell 933,INL,BC,-,ON,RBC,-,-,
60613,660,488437,BO,Bomni Cell 936,INL,BC,-,ON,RBC,-,-,
60017,-,-,O,-,INL,BC,-,ON,RBC,-,-,
60031,-,-,O,-,INL,BC,-,ON,RBC,-,-,
60427,242,267304,BO,Bomni Cell 724 ,INL,BC,-,ON,RBC,-,-,not sure bipolar
60355,161,248793,BO,Bomni Cell 653 ,INL,BC,-,ON,XBC,-,-,
60449,284,277114,BO,Bomni Cell 756,INL,BC,-,ON,XBC,-,-,
60379,193,258795,BO,Bomni Cell 681 ,INL,BC,-,ON,XBC,-,-,
60413,241,267303,BO,Bomni Cell 723 ,INL,BC,-,ON,XBC,-,-,
60430,259,269597,BO,Bomni Cell 736 ,INL,BC,-,ON,XBC,-,-,
60455,294,284876,BO,Bomni Cell 762,INL,BC,-,ON,XBC,-,-,
60493,342,294666,BO,Bomni Cell 802,INL,BC,-,ON,XBC,-,-,
60501,410,352327,BO,Bomni Cell 822,INL,BC,-,ON,XBC,-,-,
60517,434,361996,BO,Bomni Cell 838,INL,BC,-,ON,XBC,-,-,
60539,476,375143,BO,Bomni Cell 860,INL,BC,-,ON,XBC,-,-,
60547,484,375317,BO,Bomni Cell 868,INL,BC,-,ON,XBC,-,-,
60550,571,460723,BO,Bomni Cell 871,INL,BC,-,ON,XBC,-,-,
,,,,,,,,,,,,
60034,-,-,O,-,INL,BC,-,ON,-,-,-,"BC5?, not in matt's list. not in patch"
60035,-,-,O,-,INL,BC,-,ON,BC5o,-,-,not in patch
,,,,,,,,,,,,
60494,343,294667,BO,Bomni Cell 803,INL,BC,-,OFF,-,-,-,slightly out of patch
60511,420,352379,BO,Bomni Cell 832,INL,BC,-,OFF,-,-,-,off bc out of patch
60198,64,120912,E,-,INL,BC,-,OFF,BC2,-,-,done by jinseop alone on eyewire
60081,211,261198,O/BO,Bomni Cell 697 ,INL,BC,-,OFF,BC3b,-,-,
60227,-,-,O,-,INL,BC,-,OFF,-,-,-,BC1? at the boundary of patch not in matt's list
60230,-,-,O,-,INL,BC,-,OFF,-,-,-,o
60231,-,-,O,-,INL,BC,-,OFF,-,-,-,o
60232,-,-,O,-,INL,BC,-,OFF,-,-,-,o
60233,-,-,O,-,INL,BC,-,OFF,-,-,-,o
60234,-,-,O,-,INL,BC,-,OFF,-,-,-,x
60235,-,-,O,-,INL,BC,-,OFF,-,-,-,x
60236,-,-,O,-,INL,BC,-,OFF,-,-,-,o
60237,-,-,O,-,INL,BC,-,OFF,-,-,-,x
60238,-,-,O,-,INL,BC,-,OFF,-,-,-,x
60239,-,-,O,-,INL,BC,-,OFF,-,-,-,x
60240,-,-,O,-,INL,BC,-,OFF,-,-,-,x
60241,-,-,O,-,INL,BC,-,OFF,-,-,-,x
60242,-,-,O,-,INL,BC,-,OFF,-,-,-,x
60243,-,-,O,-,INL,BC,-,OFF,-,-,-,x
60244,-,-,O,-,INL,BC,-,OFF,-,-,-,x
60245,-,-,O,-,INL,BC,-,OFF,-,-,-,x
60246,-,-,O,-,INL,BC,-,OFF,-,-,-,x
60247,-,-,O,-,INL,BC,-,OFF,-,-,-,x
60248,-,-,O,-,INL,BC,-,OFF,-,-,-,x
60249,-,-,O,-,INL,BC,-,OFF,-,-,-,x
60250,-,-,O,-,INL,BC,-,OFF,-,-,-,x
60251,-,-,O,-,INL,BC,-,OFF,-,-,-,x
60252,-,-,O,-,INL,BC,-,OFF,-,-,-,x
60253,-,-,O,-,INL,BC,-,OFF,-,-,-,x
60254,-,-,O,-,INL,BC,-,OFF,-,-,-,x
60255,-,-,O,-,INL,BC,-,OFF,-,-,-,x
60256,-,-,O,-,INL,BC,-,OFF,-,-,-,x
60257,-,-,O,-,INL,BC,-,OFF,-,-,-,x
60258,-,-,O,-,INL,BC,-,OFF,-,-,-,x
60259,-,-,O,-,INL,BC,-,OFF,-,-,-,x
60260,-,-,O,-,INL,BC,-,OFF,-,-,-,x
60261,-,-,O,-,INL,BC,-,OFF,-,-,-,x
60262,-,-,O,-,INL,BC,-,OFF,-,-,-,x
60263,-,-,O,-,INL,BC,-,OFF,-,-,-,x
60264,-,-,O,-,INL,BC,-,OFF,-,-,-,x
60265,-,-,O,-,INL,BC,-,OFF,-,-,-,x
60266,-,-,O,-,INL,BC,-,OFF,-,-,-,x
60267,-,-,O,-,INL,BC,-,OFF,-,-,-,x
60268,-,-,O,-,INL,BC,-,OFF,-,-,-,x
60269,-,-,O,-,INL,BC,-,OFF,-,-,-,x
60270,-,-,O,-,INL,BC,-,OFF,-,-,-,x
60271,-,-,O,-,INL,BC,-,OFF,-,-,-,x
60272,-,-,O,-,INL,BC,-,OFF,-,-,-,x
60273,-,-,O,-,INL,BC,-,OFF,-,-,-,x
60274,-,-,O,-,INL,BC,-,OFF,-,-,-,x
60275,-,-,O,-,INL,BC,-,OFF,-,-,-,x
60276,-,-,O,-,INL,BC,-,OFF,-,-,-,x
60277,-,-,O,-,INL,BC,-,OFF,-,-,-,x
60278,-,-,O,-,INL,BC,-,OFF,-,-,-,x
60279,-,-,O,-,INL,BC,-,OFF,-,-,-,x
60280,-,-,O,-,INL,BC,-,OFF,-,-,-,x
60281,-,-,O,-,INL,BC,-,OFF,-,-,-,x
60282,-,-,O,-,INL,BC,-,OFF,-,-,-,x
60283,-,-,O,-,INL,BC,-,OFF,-,-,-,x
60284,-,-,O,-,INL,BC,-,OFF,-,-,-,x
60285,-,-,O,-,INL,BC,-,OFF,-,-,-,x
60286,-,-,O,-,INL,BC,-,OFF,-,-,-,o
60287,-,-,O,-,INL,BC,-,OFF,-,-,-,x
60288,-,-,O,-,INL,BC,-,OFF,-,-,-,x
60290,-,-,O,-,INL,BC,-,OFF,-,-,-,o
60291,-,-,O,-,INL,BC,-,OFF,-,-,-,o
60292,-,-,O,-,INL,BC,-,OFF,-,-,-,x
60293,-,-,O,-,INL,BC,-,OFF,-,-,-,x
60294,-,-,O,-,INL,BC,-,OFF,-,-,-,x
60295,-,-,O,-,INL,BC,-,OFF,-,-,-,x
60296,-,-,O,-,INL,BC,-,OFF,-,-,-,x
60297,-,-,O,-,INL,BC,-,OFF,-,-,-,x
60298,-,-,O,-,INL,BC,-,OFF,-,-,-,x
60299,-,-,O,-,INL,BC,-,OFF,-,-,-,x
60300,-,-,O,-,INL,BC,-,OFF,-,-,-,x
60301,-,-,O,-,INL,BC,-,OFF,-,-,-,x
60302,-,-,O,-,INL,BC,-,OFF,-,-,-,x
60303,-,-,O,-,INL,BC,-,OFF,-,-,-,x
60305,-,-,O,-,INL,BC,-,OFF,-,-,-,x
60306,-,-,O,-,INL,BC,-,OFF,-,-,-,x
60307,-,-,O,-,INL,BC,-,OFF,-,-,-,x
60308,-,-,O,-,INL,BC,-,OFF,-,-,-,x
60309,-,-,O,-,INL,BC,-,OFF,-,-,-,x
60310,-,-,O,-,INL,BC,-,OFF,-,-,-,x
60311,-,-,O,-,INL,BC,-,OFF,-,-,-,x
60312,-,-,O,-,INL,BC,-,OFF,-,-,-,o
60313,-,-,O,-,INL,BC,-,OFF,-,-,-,x
60314,-,-,O,-,INL,BC,-,OFF,-,-,-,x
60315,-,-,O,-,INL,BC,-,OFF,-,-,-,o
60316,-,-,O,-,INL,BC,-,OFF,-,-,-,o
60317,-,-,O,-,INL,BC,-,OFF,-,-,-,x
60318,-,-,O,-,INL,BC,-,OFF,-,-,-,x
60319,-,-,O,-,INL,BC,-,OFF,-,-,-,o
60320,-,-,O,-,INL,BC,-,OFF,-,-,-,x
60321,-,-,O,-,INL,BC,-,OFF,-,-,-,x
60322,-,-,O,-,INL,BC,-,OFF,-,-,-,x
60323,-,-,O,-,INL,BC,-,OFF,-,-,-,o
60324,-,-,O,-,INL,BC,-,OFF,-,-,-,x
60325,-,-,O,-,INL,BC,-,OFF,-,-,-,x
60326,-,-,O,-,INL,BC,-,OFF,-,-,-,x
60327,-,-,O,-,INL,BC,-,OFF,-,-,-,x
60328,-,-,O,-,INL,BC,-,OFF,-,-,-,x
60329,-,-,O,-,INL,BC,-,OFF,-,-,-,x
60330,-,-,O,-,INL,BC,-,OFF,-,-,-,x
60331,-,-,O,-,INL,BC,-,OFF,-,-,-,x
60332,-,-,O,-,INL,BC,-,OFF,-,-,-,x
60333,-,-,O,-,INL,BC,-,OFF,-,-,-,x
60334,-,-,O,-,INL,BC,-,OFF,-,-,-,o
60335,-,-,O,-,INL,BC,-,OFF,-,-,-,x
60336,-,-,O,-,INL,BC,-,OFF,-,-,-,x
60337,-,-,O,-,INL,BC,-,OFF,-,-,-,x
60338,-,-,O,-,INL,BC,-,OFF,-,-,-,x
60339,-,-,O,-,INL,BC,-,OFF,-,-,-,x
60340,-,-,O,-,INL,BC,-,OFF,-,-,-,x
60341,-,-,O,-,INL,BC,-,OFF,-,-,-,x
60342,-,-,O,-,INL,BC,-,OFF,-,-,-,x
60343,-,-,O,-,INL,BC,-,OFF,-,-,-,x
60344,-,-,O,-,INL,BC,-,OFF,-,-,-,x
60345,-,-,O,-,INL,BC,-,OFF,-,-,-,x
60346,-,-,O,-,INL,BC,-,OFF,-,-,-,x
60347,-,-,O,-,INL,BC,-,OFF,-,-,-,x
60348,-,-,O,-,INL,BC,-,OFF,-,-,-,x
60349,-,-,O,-,INL,BC,-,OFF,-,-,-,x
60350,-,-,O,-,INL,BC,-,OFF,-,-,-,x
60351,-,-,O,-,INL,BC,-,OFF,-,-,-,x
60353,-,-,O,cell 644,INL,BC,-,OFF,-,-,-,x
60289,88,148950,E,-,INL,BC,-,OFF,-,-,-,x done by jinseop alone on eyewire. omni cell564
60008,-,-,O,-,INL,BC,-,OFF,BC1,-,-,
60019,-,-,O,-,INL,BC,-,OFF,BC1,-,-,
60026,-,-,O,-,INL,BC,-,OFF,BC1,-,-,
60027,-,-,O,-,INL,BC,-,OFF,BC1,-,-,
60032,-,-,O,-,INL,BC,-,OFF,BC1,-,-,
60052,-,-,O,-,INL,BC,-,OFF,BC1,-,-,
60055,-,-,O,-,INL,BC,-,OFF,BC1,-,-,
60078,-,-,O,-,INL,BC,-,OFF,BC1,-,-,
60079,-,-,O,-,INL,BC,-,OFF,BC1,-,-,
60099,-,-,O,-,INL,BC,-,OFF,BC1,-,-,
60105,-,-,O,-,INL,BC,-,OFF,BC1,-,-,
60109,-,-,O,-,INL,BC,-,OFF,BC1,-,-,
60110,-,-,O,-,INL,BC,-,OFF,BC1,-,-,
60111,-,-,O,-,INL,BC,-,OFF,BC1,-,-,
60114,-,-,O,-,INL,BC,-,OFF,BC1,-,-,
60118,-,-,O,-,INL,BC,-,OFF,BC1,-,-,
60129,-,-,O,-,INL,BC,-,OFF,BC1,-,-,
60132,-,-,O,-,INL,BC,-,OFF,BC1,-,-,
60139,-,-,O,-,INL,BC,-,OFF,BC1,-,-,
60142,-,-,O,-,INL,BC,-,OFF,BC1,-,-,
60147,-,-,O,-,INL,BC,-,OFF,BC1,-,-,
60150,-,-,O,-,INL,BC,-,OFF,BC1,-,-,
60158,-,-,O,-,INL,BC,-,OFF,BC1,-,-,
60161,-,-,O,-,INL,BC,-,OFF,BC1,-,-,
60162,-,-,O,-,INL,BC,-,OFF,BC1,-,-,
60164,-,-,O,-,INL,BC,-,OFF,BC1,-,-,
60170,-,-,O,-,INL,BC,-,OFF,BC1,-,-,
60177,-,-,O,-,INL,BC,-,OFF,BC1,-,-,
60184,-,-,O,-,INL,BC,-,OFF,BC1,-,-,
60187,-,-,O,-,INL,BC,-,OFF,BC1,-,-,changed from BC2 in the paper?
60188,-,-,O,-,INL,BC,-,OFF,BC1,-,-,
60189,-,-,O,-,INL,BC,-,OFF,BC1,-,-,
60194,-,-,O,-,INL,BC,-,OFF,BC1,-,-,
60195,-,-,O,-,INL,BC,-,OFF,BC1,-,-,
60196,-,-,O,-,INL,BC,-,OFF,BC1,-,-,
60203,-,-,O,-,INL,BC,-,OFF,BC1,-,-,
60204,-,-,O,-,INL,BC,-,OFF,BC1,-,-,
60212,-,-,O,-,INL,BC,-,OFF,BC1,-,-,
60213,-,-,O,-,INL,BC,-,OFF,BC1,-,-,
60216,-,-,O,-,INL,BC,-,OFF,BC1,-,-,
60218,-,-,O,-,INL,BC,-,OFF,BC1,-,-,
60080,-,-,O,-,INL,BC,-,OFF,BC2,-,-,appears twice in matt's list in BC2/4
60001,-,-,O,-,INL,BC,-,OFF,BC2,-,-,
60002,-,-,O,-,INL,BC,-,OFF,BC2,-,-,
60003,-,-,O,-,INL,BC,-,OFF,BC2,-,-,
60004,-,-,O,-,INL,BC,-,OFF,BC2,-,-,
60006,-,-,O,-,INL,BC,-,OFF,BC2,-,-,
60009,-,-,O,-,INL,BC,-,OFF,BC2,-,-,
60010,-,-,O,-,INL,BC,-,OFF,BC2,-,-,
60011,-,-,O,-,INL,BC,-,OFF,BC2,-,-,
60012,-,-,O,-,INL,BC,-,OFF,BC2,-,-,
60013,-,-,O,-,INL,BC,-,OFF,BC2,-,-,
60021,-,-,O,-,INL,BC,-,OFF,BC2,-,-,
60022,-,-,O,-,INL,BC,-,OFF,BC2,-,-,
60023,-,-,O,-,INL,BC,-,OFF,BC2,-,-,
60025,-,-,O,-,INL,BC,-,OFF,BC2,-,-,
60029,-,-,O,-,INL,BC,-,OFF,BC2,-,-,
60037,-,-,O,-,INL,BC,-,OFF,BC2,-,-,
60038,-,-,O,-,INL,BC,-,OFF,BC2,-,-,
60039,-,-,O,-,INL,BC,-,OFF,BC2,-,-,
60040,-,-,O,-,INL,BC,-,OFF,BC2,-,-,
60041,-,-,O,-,INL,BC,-,OFF,BC2,-,-,
60042,-,-,O,-,INL,BC,-,OFF,BC2,-,-,
60043,-,-,O,-,INL,BC,-,OFF,BC2,-,-,
60044,-,-,O,-,INL,BC,-,OFF,BC2,-,-,
60046,-,-,O,-,INL,BC,-,OFF,BC2,-,-,
60097,-,-,O,-,INL,BC,-,OFF,BC2,-,-,
60101,-,-,O,-,INL,BC,-,OFF,BC2,-,-,
60102,-,-,O,-,INL,BC,-,OFF,BC2,-,-,
60103,-,-,O,-,INL,BC,-,OFF,BC2,-,-,
60104,-,-,O,-,INL,BC,-,OFF,BC2,-,-,
60112,-,-,O,-,INL,BC,-,OFF,BC2,-,-,
60120,-,-,O,-,INL,BC,-,OFF,BC2,-,-,
60124,-,-,O,-,INL,BC,-,OFF,BC2,-,-,
60130,-,-,O,-,INL,BC,-,OFF,BC2,-,-,
60133,-,-,O,-,INL,BC,-,OFF,BC2,-,-,
60135,-,-,O,-,INL,BC,-,OFF,BC2,-,-,
60138,-,-,O,-,INL,BC,-,OFF,BC2,-,-,
60140,-,-,O,-,INL,BC,-,OFF,BC2,-,-,
60141,-,-,O,-,INL,BC,-,OFF,BC2,-,-,
60149,-,-,O,-,INL,BC,-,OFF,BC2,-,-,
60157,-,-,O,-,INL,BC,-,OFF,BC2,-,-,
60159,-,-,O,-,INL,BC,-,OFF,BC2,-,-,
60167,-,-,O,-,INL,BC,-,OFF,BC2,-,-,
60169,-,-,O,-,INL,BC,-,OFF,BC2,-,-,
60182,-,-,O,-,INL,BC,-,OFF,BC2,-,-,
60208,-,-,O,-,INL,BC,-,OFF,BC2,-,-,
60209,-,-,O,-,INL,BC,-,OFF,BC2,-,-,
60210,-,-,O,-,INL,BC,-,OFF,BC2,-,-,
60214,-,-,O,-,INL,BC,-,OFF,BC2,-,-,
60217,-,-,O,-,INL,BC,-,OFF,BC2,-,-,
60219,-,-,O,-,INL,BC,-,OFF,BC2,-,-,
60221,-,-,O,-,INL,BC,-,OFF,BC2,-,-,
60223,-,-,O,-,INL,BC,-,OFF,BC2,-,-,
60224,-,-,O,-,INL,BC,-,OFF,BC2,-,-,
60226,-,-,O,-,INL,BC,-,OFF,BC2,-,-,
60028,-,-,O,-,INL,BC,-,OFF,BC3a,-,-,
60030,-,-,O,-,INL,BC,-,OFF,BC3a,-,-,
60048,-,-,O,-,INL,BC,-,OFF,BC3a,-,-,
60049,-,-,O,-,INL,BC,-,OFF,BC3a,-,-,
60050,-,-,O,-,INL,BC,-,OFF,BC3a,-,-,
60056,-,-,O,-,INL,BC,-,OFF,BC3a,-,-,
60059,-,-,O,-,INL,BC,-,OFF,BC3a,-,-,
60066,-,-,O,-,INL,BC,-,OFF,BC3a,-,-,
60068,-,-,O,-,INL,BC,-,OFF,BC3a,-,-,
60072,-,-,O,-,INL,BC,-,OFF,BC3a,-,-,
60075,-,-,O,-,INL,BC,-,OFF,BC3a,-,-,
60076,-,-,O,-,INL,BC,-,OFF,BC3a,-,-,
60085,-,-,O,-,INL,BC,-,OFF,BC3a,-,-,
60088,-,-,O,-,INL,BC,-,OFF,BC3a,-,-,
60092,-,-,O,-,INL,BC,-,OFF,BC3a,-,-,
60093,-,-,O,-,INL,BC,-,OFF,BC3a,-,-,
60108,-,-,O,-,INL,BC,-,OFF,BC3a,-,-,
60115,-,-,O,-,INL,BC,-,OFF,BC3a,-,-,
60123,-,-,O,-,INL,BC,-,OFF,BC3a,-,-,
60134,-,-,O,-,INL,BC,-,OFF,BC3a,-,-,
60136,-,-,O,-,INL,BC,-,OFF,BC3a,-,-,
60137,-,-,O,-,INL,BC,-,OFF,BC3a,-,-,
60145,-,-,O,-,INL,BC,-,OFF,BC3a,-,-,
60146,-,-,O,-,INL,BC,-,OFF,BC3a,-,-,
60166,-,-,O,-,INL,BC,-,OFF,BC3a,-,-,
60172,-,-,O,-,INL,BC,-,OFF,BC3a,-,-,
60176,-,-,O,-,INL,BC,-,OFF,BC3a,-,-,
60181,-,-,O,-,INL,BC,-,OFF,BC3a,-,-,
60024,-,-,O,-,INL,BC,-,OFF,BC3b,-,-,
60045,-,-,O,-,INL,BC,-,OFF,BC3b,-,-,
60053,-,-,O,-,INL,BC,-,OFF,BC3b,-,-,
60057,-,-,O,-,INL,BC,-,OFF,BC3b,-,-,
60063,-,-,O,-,INL,BC,-,OFF,BC3b,-,-,
60069,-,-,O,-,INL,BC,-,OFF,BC3b,-,-,
60073,-,-,O,-,INL,BC,-,OFF,BC3b,-,-,
60074,-,-,O,-,INL,BC,-,OFF,BC3b,-,-,
60077,-,-,O,-,INL,BC,-,OFF,BC3b,-,-,
60082,-,-,O,-,INL,BC,-,OFF,BC3b,-,-,
60084,-,-,O,-,INL,BC,-,OFF,BC3b,-,-,
60087,-,-,O,-,INL,BC,-,OFF,BC3b,-,-,
60090,-,-,O,-,INL,BC,-,OFF,BC3b,-,-,
60094,-,-,O,-,INL,BC,-,OFF,BC3b,-,-,
60096,-,-,O,-,INL,BC,-,OFF,BC3b,-,-,
60098,-,-,O,-,INL,BC,-,OFF,BC3b,-,-,
60106,-,-,O,-,INL,BC,-,OFF,BC3b,-,-,
60107,-,-,O,-,INL,BC,-,OFF,BC3b,-,-,
60122,-,-,O,-,INL,BC,-,OFF,BC3b,-,-,
60131,-,-,O,-,INL,BC,-,OFF,BC3b,-,-,
60148,-,-,O,-,INL,BC,-,OFF,BC3b,-,-,
60151,-,-,O,-,INL,BC,-,OFF,BC3b,-,-,
60153,-,-,O,-,INL,BC,-,OFF,BC3b,-,-,
60154,-,-,O,-,INL,BC,-,OFF,BC3b,-,-,
60156,-,-,O,-,INL,BC,-,OFF,BC3b,-,-,
60165,-,-,O,-,INL,BC,-,OFF,BC3b,-,-,
60173,-,-,O,-,INL,BC,-,OFF,BC3b,-,-,
60178,-,-,O,-,INL,BC,-,OFF,BC3b,-,-,
60179,-,-,O,-,INL,BC,-,OFF,BC3b,-,-,
60190,-,-,O,-,INL,BC,-,OFF,BC3b,-,-,
60201,-,-,O,-,INL,BC,-,OFF,BC3b,-,-,
60211,-,-,O,-,INL,BC,-,OFF,BC3b,-,-,
60215,-,-,O,-,INL,BC,-,OFF,BC3b,-,-,
60228,-,-,O,-,INL,BC,-,OFF,BC3b,-,-,
60047,-,-,O,-,INL,BC,-,OFF,BC4,-,-,
60058,-,-,O,-,INL,BC,-,OFF,BC4,-,-,
60067,-,-,O,-,INL,BC,-,OFF,BC4,-,-,
60083,-,-,O,-,INL,BC,-,OFF,BC4,-,-,
60086,-,-,O,-,INL,BC,-,OFF,BC4,-,-,
60089,-,-,O,-,INL,BC,-,OFF,BC4,-,-,
60091,-,-,O,-,INL,BC,-,OFF,BC4,-,-,
60095,-,-,O,-,INL,BC,-,OFF,BC4,-,-,
60100,-,-,O,-,INL,BC,-,OFF,BC4,-,-,
60116,-,-,O,-,INL,BC,-,OFF,BC4,-,-,
60117,-,-,O,-,INL,BC,-,OFF,BC4,-,-,
60119,-,-,O,-,INL,BC,-,OFF,BC4,-,-,
60121,-,-,O,-,INL,BC,-,OFF,BC4,-,-,
60125,-,-,O,-,INL,BC,-,OFF,BC4,-,-,
60127,-,-,O,-,INL,BC,-,OFF,BC4,-,-,
60143,-,-,O,-,INL,BC,-,OFF,BC4,-,-,
60144,-,-,O,-,INL,BC,-,OFF,BC4,-,-,
60160,-,-,O,-,INL,BC,-,OFF,BC4,-,-,
60163,-,-,O,-,INL,BC,-,OFF,BC4,-,-,
60168,-,-,O,-,INL,BC,-,OFF,BC4,-,-,
60171,-,-,O,-,INL,BC,-,OFF,BC4,-,-,
60174,-,-,O,-,INL,BC,-,OFF,BC4,-,-,
60175,-,-,O,-,INL,BC,-,OFF,BC4,-,-,
60183,-,-,O,-,INL,BC,-,OFF,BC4,-,-,
60185,-,-,O,-,INL,BC,-,OFF,BC4,-,-,
60186,-,-,O,-,INL,BC,-,OFF,BC4,-,-,
60191,-,-,O,-,INL,BC,-,OFF,BC4,-,-,
60197,-,-,O,-,INL,BC,-,OFF,BC4,-,-,
60199,-,-,O,-,INL,BC,-,OFF,BC4,-,-,
60202,-,-,O,-,INL,BC,-,OFF,BC4,-,-,
60206,-,-,O,-,INL,BC,-,OFF,BC4,-,-,
60220,-,-,O,-,INL,BC,-,OFF,BC4,-,-,
60222,-,-,O,-,INL,BC,-,OFF,BC4,-,-,
,,,,,,,,,,,,
60014,-,-,O,-,INL,AC,-,ON/OFF,nf AC,-,-,
60015,-,-,O,-,INL,AC,-,ON/OFF,nf AC,-,-,
60065,-,-,O,-,INL,AC,-,ON/OFF,nf AC,-,-,
60062,-,-,O,-,INL,AC,-,ON,nf AC,-,-,
60126,-,-,O,-,INL,AC,-,OFF,nf AC,-,-,
60128,-,-,O,-,INL,AC,-,OFF,nf AC,-,-,
60180,-,-,O,-,INL,AC,-,OFF,nf AC,-,-,
60225,-,-,O,-,INL,AC,-,OFF,nf AC,-,-,
60205,-,-,O,-,INL,??,-,OFF,-,-,-,small frag
60005,-,-,O,-,INL,??,-,OFF,-,-,-,bc? violates mosaic and dense
60007,-,-,O,-,INL,??,-,OFF,-,-,-,bc? violates mosaic overlap with 60005
60113,-,-,O,-,INL,??,-,OFF,-,-,-,BC? not in matt's list
60152,-,-,O,-,INL,??,-,OFF,-,-,-,BC? not in matt's list
60192,-,-,O,-,INL,??,-,OFF,-,-,-,likely BC
60200,-,-,O,-,INL,??,-,OFF,-,-,-,BC?
60193,-,-,O,-,INL,??,-,OFF,-,-,-,less likely BC. BC5? a little thicker stratification
60207,66,125566,E,-,INL,??,-,OFF,-,-,-,small frag violates mosaic (done by jinseop alone on eyewire)
60070,-,-,O,-,INL,??,-,??,-,-,-,XBC like but different layer from XBC
60579,615,480628,BO,Bomni Cell 901,INL,??,-,??,-,-,-,RBC? impossible to find continuation
99999,969,823709,E,-,-,BV,-,-,-,-,-,blood vessel
,,,,,,,,,,,,
70144,-,-,O,-,-,-,,,-,-,-,"SAC like, no cellbody"
70143,-,-,O,-,-,-,,,-,-,-,"SAC like, no cellbody"
70142,-,-,O,-,-,-,,,-,-,-,"SAC like, no cellbody"
70140,-,-,O,-,-,-,,,-,-,-,"SAC like, no cellbody"
70139,-,-,O,-,-,-,,,-,-,-,"SAC like, no cellbody"
70136,-,-,O,-,-,-,,,-,-,-,"SAC like, no cellbody"
70135,-,-,O,-,-,-,,,-,-,-,"SAC like, no cellbody"
70132,-,-,O,-,-,-,,,-,-,-,"SAC like, no cellbody"
70105,-,-,O,-,-,-,,,-,-,-,"SAC like, no cellbody"
70104,-,-,O,-,-,-,,,-,-,-,"SAC like, no cellbody"
70101,-,-,O,-,-,-,,,-,-,-,"SAC like, no cellbody"
70098,-,-,O,-,-,-,,,-,-,-,"SAC like, no cellbody"
70097,-,-,O,-,-,-,,,-,-,-,"SAC like, no cellbody"
70094,-,-,O,-,-,-,,,-,-,-,"SAC like, no cellbody"
70092,-,-,O,-,-,-,,,-,-,-,"wfAC like, no cellbody"
70091,-,-,O,-,-,-,,,-,-,-,"wfAC like, no cellbody"
70047,-,-,O,-,-,-,,,-,-,-,"wfAC like, no cellbody"
70046,-,-,O,-,-,-,,,-,-,-,"wfAC like, no cellbody"
70045,-,-,O,-,-,-,,,-,-,-,"wfAC like, no cellbody"
70043,-,-,O,-,-,-,,,-,-,-,"wfAC like, no cellbody"
70042,-,-,O,-,-,-,,,-,-,-,"wfAC like, no cellbody"
70041,-,-,O,-,-,-,,,-,-,-,"wfAC like, no cellbody"
70040,-,-,O,-,-,-,,,-,-,-,"wfAC like, no cellbody"
70038,-,-,O,-,-,-,,,-,-,-,"wfAC like, no cellbody"
70037,-,-,O,-,-,-,,,-,-,-,"wfAC like, no cellbody"
70036,-,-,O,-,-,-,,,-,-,-,"wfAC like, no cellbody"
70022,-,-,O,-,-,-,,,-,-,-,"wfAC like, no cellbody"
70021,-,-,O,-,-,-,,,-,-,-,"wfAC like, no cellbody"
70018,-,-,O,-,-,-,,,-,-,-,"wfAC like, no cellbody"
70017,-,-,O,-,-,-,,,-,-,-,"wfAC like, no cellbody"
,,,,,,,,,,,,
90002,396,338944,BO,Bomni Cell 819,GCL,GC,"2,4",ON/OFF,ooDSGC,-,-,from skeleton but ignored
90001,395,338943,BO,Bomni Cell 818,GCL,GC,"2,4",ON/OFF,ooDSGC,-,3,from skeleton but ignored
70244,468,370236,E,Starburst #244,GCL,AC,4,ON,SAC On,-,-,
70243,467,370235,E,Starburst #243,GCL,AC,4,ON,SAC On,-,-,
70242,466,370202,E,Starburst #242,GCL,AC,4,ON,SAC On,-,-,
70241,465,370056,E,Starburst #241,GCL,AC,4,ON,SAC On,-,-,
70240,464,370041,E,Starburst #240,GCL,AC,4,ON,SAC On,-,-,
70239,463,369977,E,Starburst #239,GCL,AC,4,ON,SAC On,-,-,
70238,460,366637,E,Starburst #238,GCL,AC,4,ON,SAC On,-,-,
70237,440,363943,E,Starburst #237,GCL,AC,4,ON,SAC On,-,1,
70236,439,363784,E,Starburst #236,GCL,AC,4,ON,SAC On,-,-,
70235,438,363395,E,Starburst #235,GCL,AC,4,ON,SAC On,-,-,
70234,437,362560,E,Starburst #234,GCL,AC,4,ON,SAC On,-,-,
70233,430,361153,E,Starburst #233,GCL,AC,4,ON,SAC On,-,3,
70232,427,358485,E,Starburst #232,GCL,AC,4,ON,SAC On,-,-,
70231,407,351857,E,Starburst #231,GCL,AC,4,ON,SAC On,-,3,
70230,406,350924,E,Starburst #230,GCL,AC,4,ON,SAC On,-,1,
70229,403,346587,E,Starburst #229,GCL,AC,4,ON,SAC On,-,2,
70228,402,346552,E,Starburst #228,GCL,AC,4,ON,SAC On,-,-,
70227,397,341736,E,Starburst #227,GCL,AC,4,ON,SAC On,-,3,
70225,384,324047,E,Starburst #225,GCL,AC,4,ON,SAC On,-,3,
70224,381,323780,E,Starburst #224,GCL,AC,4,ON,SAC On,-,-,
70223,380,322970,E,Starburst #223,GCL,AC,4,ON,SAC On,-,3,
70222,379,322875,E,Starburst #222,GCL,AC,4,ON,SAC On,-,2,
70221,378,322739,E,Starburst #221,GCL,AC,4,ON,SAC On,-,3,
70220,377,321555,E,Starburst #220,GCL,AC,4,ON,SAC On,-,-,
70219,376,321228,E,Starburst #219,GCL,AC,4,ON,SAC On,-,3,
70218,374,313188,E,Starburst #218,GCL,AC,4,ON,SAC On,-,-,
70217,373,312373,E,Starburst #217,GCL,AC,4,ON,SAC On,-,-,
70216,372,312212,E,Starburst #216,GCL,AC,4,ON,SAC On,-,-,
70215,371,312090,E,Starburst #215,GCL,AC,4,ON,SAC On,-,-,
70214,370,309126,E,Starburst #214,GCL,AC,4,ON,SAC On,-,-,
70213,98,163769,E,"Starburst #213, Battle of Zaiton",GCL,AC,4,ON,SAC On,-,-,
70212,359,304232,E,Starburst #212,GCL,AC,4,ON,SAC On,-,-,
70211,356,303616,E,Starburst #211,GCL,AC,4,ON,SAC On,-,-,
70209,354,303485,E,Starburst #209,GCL,AC,4,ON,SAC On,-,-,
70208,352,299440,E,Starburst #208,GCL,AC,4,ON,SAC On,-,-,
70207,349,298283,E,Starburst #207,GCL,AC,4,ON,SAC On,-,3,
70206,328,293709,E,Starburst #206,GCL,AC,4,ON,SAC On,-,-,
70205,327,293514,E,Starburst #205,GCL,AC,4,ON,SAC On,-,1,
70204,309,291224,E,Starburst #204,GCL,AC,4,ON,SAC On,-,-,
70203,291,280927,E,Starburst #203,GCL,AC,4,ON,SAC On,-,3,
70202,290,280803,E,Starburst #202,GCL,AC,4,ON,SAC On,-,-,
70201,289,280757,E,Starburst #201,GCL,AC,4,ON,SAC On,-,-,
70200,288,278382,E,Starburst #200,GCL,AC,4,ON,SAC On,-,-,
70199,278,275808,E,Starburst #199,GCL,AC,4,ON,SAC On,-,3,
70198,255,269487,E,Starburst #198,GCL,AC,4,ON,SAC On,-,-,
70197,254,269401,E,Starburst #197,GCL,AC,4,ON,SAC On,-,-,
70196,251,267341,E,Starburst #196,GCL,AC,4,ON,SAC On,-,-,
70195,220,262276,E,Starburst #195,GCL,AC,4,ON,SAC On,-,3,
70194,219,262184,E,Starburst #194,GCL,AC,4,ON,SAC On,-,3,
70193,166,249408,E,Starburst #193,GCL,AC,4,ON,SAC On,-,2,
70192,165,249121,E,Starburst #192,GCL,AC,4,ON,SAC On,-,3,
70191,164,248903,E,Starburst #191,GCL,AC,4,ON,SAC On,-,-,
70190,449,366481,BO,Bomni Cell 845,INL,AC,4~5,ON,nf AC,-,-,
70189,155,244002,E,Starburst #189,GCL,AC,4,ON,SAC On,-,2,
70188,151,201122,E,Starburst #188,GCL,AC,4,ON,SAC On,-,3,
70187,149,236101,E,Starburst #187 (Benjamin Bouton),GCL,AC,4,ON,SAC On,-,-,
70186,144,229369,E,Starburst #186,GCL,AC,4,ON,SAC On,-,3,
70185,142,227468,E,Starburst #185 (Marathon Cell),GCL,AC,4,ON,SAC On,-,3,
70184,141,224624,E,Starburst #184,GCL,AC,4,ON,SAC On,-,-,
70183,139,221972,E,Starburst #183,GCL,AC,4,ON,SAC On,-,3,
70182,136,216267,E,Starburst #182,GCL,AC,4,ON,SAC On,-,3,
70181,135,216123,E,Starburst #181,GCL,AC,4,ON,SAC On,-,-,
70180,128,201614,E,Starburst #180,GCL,AC,4,ON,SAC On,-,3,
70179,127,201507,E,Starburst #179,GCL,AC,4,ON,SAC On,-,3,
70178,124,198049,E,Starburst #178,GCL,AC,4,ON,SAC On,-,-,
70177,71,131617,E,Mystery Cell #15,GCL,AC,,,wfAC,-,1,3 dendrites in one dir. was 17126 in rough_gang but no axon. 
70176,119,189665,E,Starburst #176,GCL,AC,4,ON,SAC On,-,2,
70175,337,294661,BO,Bomni Cell 797,INL,AC,,,nf AC,-,-,
70174,114,184917,E,Starburst #174,GCL,AC,4,ON,SAC On,-,3,
70173,333,294657,BO,Bomni Cell 793,INL,AC,,,nf AC,-,-,
70172,110,178607,E,Starburst #172,GCL,AC,4,ON,SAC On,-,3,
70171,106,172580,E,Starburst #171,GCL,AC,4,ON,SAC On,-,3,
70170,107,175803,E,Starburst #170,GCL,AC,4,ON,SAC On,-,-,
70169,103,163919,E,Starburst #169,GCL,AC,4,ON,SAC On,-,-,
70168,92,159789,E,Starburst #168,GCL,AC,4,ON,SAC On,-,3,
70167,91,159330,E,Starburst #167,INL,AC,2,OFF,SAC Off,-,-,
70166,-,-,O,-,INL,AC,,,nf AC,-,-,from a bipolar cand
70165,-,-,O,-,INL,AC,,,nf AC,-,-,from a bipolar cand
70164,57,108538,E,"Starburst #164, Geek Week #3 (Firefly)",GCL,AC,4,ON,SAC On,-,2,
70163,56,105571,E,"Starburst #163, Geek Week #2",GCL,AC,4,ON,SAC On,-,-,
70162,55,102583,E,"Starburst #162, Geek Week #1 (EWCS)",GCL,AC,4,ON,SAC On,-,-,
70161,44,82950,E,Starburst #161,GCL,AC,4,ON,SAC On,-,-,"newly found 303498, 308769"
70160,35,31874,E,Mystery Cell #2,INL,AC,,,-,-,-,non-SAC from a SAC cand. non-SAC pre-cell of J1
70159,34,31873,E,Mystery Cell #1,INL,AC,,,-,-,-,non-SAC from a SAC cand. non-SAC pre-cell of J1
70158,-,-,O,-,INL,AC,,OFF,SAC Off,-,-,
70157,188,256481,BO,Bomni Cell 676 ,INL,AC,,,nf AC,-,-,
70156,-,-,O,-,INL,AC,,OFF,SAC Off,-,-,
70155,-,-,O,-,INL,AC,,OFF,SAC Off,-,-,
70154,-,-,O,-,INL,AC,,OFF,SAC Off,-,-,
70153,570,458476,O/BO,-,INL,AC,,,-,-,-,non-SAC from a SAC cand
70152,-,-,O,-,INL,AC,,OFF,SAC Off,-,-,
70151,-,-,O,-,INL,AC,,OFF,SAC Off,-,-,
70150,-,-,O,-,INL,AC,,OFF,SAC Off,-,-,
70149,-,-,O,-,INL,AC,,OFF,SAC Off,-,-,
70148,-,-,O,-,INL,AC,,OFF,SAC Off,-,-,
70147,-,-,O,-,INL,AC,,OFF,SAC Off,-,-,
70146,-,-,O,-,INL,AC,,OFF,SAC Off,-,-,
70145,-,-,O,-,INL,AC,,OFF,SAC Off,-,-,
70141,-,-,O,-,INL,AC,,OFF,SAC Off,-,-,
70138,-,-,O,-,INL,AC,,OFF,SAC Off,-,-,
70137,-,-,O,-,INL,AC,,OFF,SAC Off,-,-,
70134,-,-,O,-,INL,AC,,OFF,SAC Off,-,-,
70133,-,-,O,-,INL,AC,,OFF,SAC Off,-,-,
70131,156,247452,O/E,"Starburst #131, cellbody",INL,AC,,OFF,SAC Off,-,-,auto spawned cell body and trunks on eyewire
70130,41,20979,E,Starburst #130,INL,AC,,OFF,SAC Off,-,-,
70129,45,57204,E,Starburst #129,INL,AC,,OFF,SAC Off,-,-,
70128,46,66244,E,Starburst #128,INL,AC,,OFF,SAC Off,-,-,
70127,47,22483,E,Starburst #127,INL,AC,,OFF,SAC Off,-,-,
70126,80,62725,O/E,Starburst #126,INL,AC,,OFF,SAC Off,-,-,partial reconstruction on omni
70125,36,61021,E,Starburst #125,INL,AC,,OFF,SAC Off,-,-,
70124,49,55622,E,Starburst #124,INL,AC,,OFF,SAC Off,-,-,
70123,51,64322,E,Starburst #123,INL,AC,,OFF,SAC Off,-,-,
70122,52,59770,E,Starburst #122,INL,AC,,OFF,SAC Off,-,-,
70121,59,63753,E,Starburst #121,INL,AC,,OFF,SAC Off,-,-,
70120,61,20991,E,Starburst #120,INL,AC,,OFF,SAC Off,-,-,
70119,548,61885,E,Starburst #119,INL,AC,,OFF,SAC Off,-,-,
70118,39,56228,E,Starburst #118,INL,AC,,OFF,SAC Off,-,-,
70117,68,59769,E,Starburst #117,INL,AC,,OFF,SAC Off,-,-,
70116,70,29186,E,Starburst #116,INL,AC,,OFF,SAC Off,-,-,
70115,72,30345,E,Starburst #115,INL,AC,,OFF,SAC Off,-,-,
70114,73,65106,E,Starburst #114,INL,AC,,OFF,SAC Off,-,-,
70113,74,60453,E,Starburst #113,INL,AC,,OFF,SAC Off,-,-,
70112,75,56227,E,Starburst #112,INL,AC,,OFF,SAC Off,-,-,
70111,76,30348,E,Starburst #111,INL,AC,,OFF,SAC Off,-,-,
70110,77,56847,O/E,Starburst #110,INL,AC,,OFF,SAC Off,-,-,partial reconstruction on eyewire
70109,78,25452,E,Starburst #109,INL,AC,,OFF,SAC Off,-,-,
70108,-,-,O,-,INL,AC,,OFF,SAC Off,-,-,
70107,145,230030,BO,Bomni Test,GCL,AC,4,ON,wfAC WA4-1,-,-,a test but the cell is complete
70106,79,64324,O/E,Starburst #106,INL,AC,,OFF,SAC Off,-,-,partial reconstruction on omni
70103,87,140685,E,Mystery Cell #17,GCL,AC,,,mfAC,-,3,wedge 
70102,-,-,O,-,INL,AC,,OFF,SAC Off,-,-,
70100,-,-,O,-,INL,AC,,OFF,SAC Off,-,-,
70099,-,-,O,-,INL,AC,,OFF,SAC Off,-,-,
70096,-,-,O,-,INL,AC,,OFF,SAC Off,-,-,
70095,-,-,O,-,INL,AC,,OFF,SAC Off,-,-,
70093,-,-,O,-,INL,AC,,OFF,SAC Off,-,-,
70090,-,-,O,-,INL,AC,,OFF,SAC Off,-,-,
70089,-,-,O,-,INL,AC,,OFF,SAC Off,-,-,
70088,-,-,O,-,INL,AC,,OFF,SAC Off,-,-,
70087,739,573187,O/BO,-,INL,AC,,OFF,SAC Off,-,-,
70086,-,-,O,-,INL,AC,,OFF,SAC Off,-,-,
70085,-,-,O,-,INL,AC,,OFF,SAC Off,-,-,
70084,81,31884,O/E,Starburst #084,INL,AC,,OFF,SAC Off,-,-,partial reconstruction on eyewire
70083,761,585101,O/BO,-,INL,AC,,OFF,SAC Off,-,-,
70082,-,-,O,-,INL,AC,,OFF,SAC Off,-,-,
70081,-,-,O,-,INL,AC,,OFF,SAC Off,-,-,
70080,-,-,O,-,INL,AC,,OFF,SAC Off,-,-,
70079,-,-,O,-,INL,AC,,OFF,SAC Off,-,-,
70078,-,-,O,-,INL,AC,,,AII,-,-,
70077,82,25454,O/E,Starburst #077,INL,AC,,OFF,SAC Off,-,-,partial reconstruction on eyewire
70076,83,66106,O/E,Starburst #076,INL,AC,,OFF,SAC Off,-,-,partial reconstruction on eyewire
70075,-,-,O,-,INL,AC,,,WF,-,-,
70074,-,-,O,-,INL,AC,,,AII,-,-,
70073,-,-,O,-,INL,AC,,,-,-,-,
70072,567,458195,O/BO,-,INL,AC,,,AII,-,-,
70071,-,-,O,-,INL,AC,,,WF,-,-,
70070,569,458391,O/BO,-,INL,AC,,,WF,-,-,
70069,-,-,O,-,INL,AC,,,WF,-,-,
70068,84,31888,O/E,Starburst #068,INL,AC,,OFF,SAC Off,-,-,partial reconstruction on eyewire
70067,568,458339,O/BO,-,INL,AC,,,WF,-,-,
70066,-,-,O,-,INL,AC,,OFF,SAC Off,-,-,
70065,-,-,O,-,INL,AC,,,AII,-,-,
70064,-,-,O,-,INL,AC,,,AII,-,-,
70063,-,-,O,-,INL,AC,,,AII,-,-,
70062,-,-,O,-,INL,AC,,,AII,-,-,
70061,-,-,O,-,INL,AC,,,AII,-,-,
70060,-,-,O,-,INL,AC,,,AII,-,-,
70059,-,-,O,-,INL,AC,,,AII,-,-,
70058,-,-,O,-,INL,AC,,,AII,-,-,
70057,-,-,O,-,INL,AC,,,AII,-,-,
70056,-,-,O,-,INL,AC,,,AII,-,-,
70055,95,163005,E,Mystery Cell #20,GCL,AC,5,,wfAC,-,3,"displaced amacrine cell, randomly selected"
70054,-,-,O,-,INL,AC,,,AII,-,-,
70053,-,-,O,-,INL,AC,,,AII,-,-,
70052,-,-,O,-,INL,AC,,,AII,-,-,
70051,-,-,O,-,INL,AC,,,AII,-,-,
70050,-,-,O,-,INL,AC,,OFF,SAC Off,-,-,
70049,-,-,O,-,INL,AC,,,AII,-,-,
70048,-,-,O,-,INL,AC,,OFF,SAC Off,-,-,
70044,-,-,O,-,INL,AC,,,AII,-,-,
70039,-,-,O,-,INL,AC,,,AII,-,-,
70035,-,-,O,-,INL,AC,,OFF,SAC Off,-,-,
70034,157,247685,O/E,"Starburst #34, cellbody",INL,AC,,OFF,SAC Off,-,-,auto spawned cell body and trunks on eyewire
70033,-,-,O,-,INL,AC,,OFF,SAC Off,-,-,
70032,85,57201,O/E,Starburst #032,INL,AC,,OFF,SAC Off,-,-,partial reconstruction on eyewire
70031,-,-,O,-,INL,AC,,OFF,SAC Off,-,-,
70030,-,-,O,-,INL,AC,,OFF,SAC Off,-,-,
70029,355,308770,O,Starburst #29,GCL,AC,,ON,SAC On,-,3,"skeleton exists, traced from omni (auto spawned cubes on eyewire)"
70028,122,194194,O/E,Starburst #028,GCL,AC,,ON,SAC On,-,3,"skeleton exists, traced from both"
70027,-,-,O,-,INL,AC,,OFF,SAC Off,-,-,
70026,-,-,O,-,INL,AC,,OFF,SAC Off,-,-,
70025,-,-,O,-,INL,AC,,OFF,SAC Off,-,-,
70024,-,-,O,-,INL,AC,,OFF,SAC Off,-,-,
70023,-,-,O,-,INL,AC,,OFF,SAC Off,-,-,
70020,-,-,O,-,INL,AC,,,WF,-,-,
70019,-,-,O,-,GCL,AC,2,,mfAC,-,1,
70016,-,-,O,-,INL,AC,,OFF,SAC Off,-,-,
70015,-,-,O,-,INL,AC,,,WF,-,-,
70014,10,5826,O/E,"Starburst, SAC #1",INL,AC,,OFF,SAC Off,-,-,full reconstruction on both
70013,-,-,O,-,INL,AC,,,-,-,-,
70012,-,-,O,-,INL,AC,,,AII,-,-,
70011,-,-,O,-,INL,AC,,,WF,-,-,
70010,-,-,O,-,INL,AC,,,WF,-,-,
70009,-,-,O,-,INL,AC,,,WF,-,-,
70008,-,-,O,-,INL,AC,,,WF,-,-,"starburst-like, but straight long process"
70007,-,-,O,-,INL,AC,,,MF,-,-,
70006,-,-,O,-,INL,AC,,,WF,-,-,
70005,-,-,O,-,INL,AC,,,WF,-,-,
70004,-,-,O,-,INL,AC,,,Flag,-,-,
70003,-,-,O,-,INL,AC,,,Flag,-,-,
70002,9,5773,O/E,MOSTEC #1,INL,AC,,,NS3,-,-,
70001,-,-,O,-,INL,AC,,,AB-D2/D-BI,-,-,
50004,540,423752,O/BO,gc004,GCL,GC,1,OFF,,-,3,"next to OSGC#1, the location of osgc#1 was suspicious. BO, to add missing branches"
50002,-,-,O,gc002,GCL,GC,"3,2",,,-,3,
50001,-,-,O,gc001,GCL,GC,1,OFF,mini-J,-,-,The 1st GC reconstructed by Omni
30005,-,-,O,-,GCL,AC,,,wfAC A1,-,3,"OS, from Kevin's calcium imaging"
30004,8,4631,O/E,OSAC #1,GCL,AC,,,wfAC A1,-,-,"OS, from Kevin's calcium imaging"
30003,6,1609,O/E,OSGC #3,GCL,GC,2~4,,biGC1,-,-,OSGC by Kevin
30002,-,-,O,OSGC #2,GCL,GC,2~4,,biGC1,-,-,OSGC by Kevin
30001,7,3538,O/E,OSGC #1,GCL,GC,"5,1",,biGC3,-,2,OSGC by Kevin
10005,-,-,O,jamb005,GCL,GC,1,OFF,,-,3,
10007,-,-,O,jamb007,GCL,GC,1-,OFF,,-,3,
10010,11,10532,O/E,J #1 IFLS Neuron,GCL,GC,1,OFF,mini-J,-,2,
10013,-,-,O,jamb013,GCL,GC,1,OFF,,-,-,
10015,-,-,O,jamb015,GCL,GC,1,,,-,-,cutoff
10017,12,12822,O/E,J Cell #2,GCL,GC,1,OFF,mini-J,-,3,
10018,-,-,O,jamb018,GCL,GC,1,OFF,,-,-,
15018,-,-,O,jamb5018,GCL,GC,1,OFF,mini-J,-,-,
15066,-,-,O,jamb5066,GCL,GC,1,OFF,mini-J,-,3,
17009,112,181638,E,Mystery Cell #25,GCL,GC,"5,1",,biGC3,-,3,
17011,123,194239,E,Mystery Cell #30,GCL,GC,"3,2",,biGC,-,2,
17012,563,458092,O/BO,jamb7012,GCL,GC,"5,1",,biGC3,-,-,
17013,564,676020,O/BO,jamb7013,GCL,GC,1,OFF,,-,-,
17021,565,585030,O/BO,jamb7021,GCL,GC,1-,OFF,,-,3,
17022,566,458145,O/BO,jamb7022,GCL,GC,2.5,,less flat,-,3,
17024,125,198883,E,Mystery Cell #31,GCL,GC,1,OFF,,-,3,
17027,28,39768,E,J Cell #3,GCL,GC,1,OFF,mini-J,-,-,
17028,50,94280,E,Mystery Cell #7,GCL,GC,1,OFF,midi-J,-,1,
17034,115,185022,E,Mystery Cell #26,GCL,GC,2+,,small flat,-,-,
17035,126,201201,E,Mystery Cell #32,GCL,GC,"3,2",,biGC,-,-,
17037,-,-,O,jamb7037,GCL,GC,1,OFF,,-,3,
17038,42,81486,E,Spokes Neuron,GCL,GC,"5,1",,biGC3,-,3,
17040,129,204972,E,Mystery Cell #33,GCL,GC,3,,,-,3,
17050,43,81664,E,Mystery Cell #5,GCL,GC,1-,OFF,,-,-,
17051,67,125850,E,Mystery Cell #13,GCL,GC,1,OFF,,-,-,cutoff
17053,137,218061,E,Mystery Cell #34,GCL,GC,"4,2",,onDSGC,-,-,irregular strat
17055,138,218120,E,Mystery Cell #35,GCL,GC,"4-,5",,,-,-,
17057,48,88883,E,Mystery Cell #6,GCL,GC,3,,,-,-,
17059,146/150,231482/238879,E,Mystery Cell #37,GCL,GC,"3,2",,,-,-,
17060,53,101224,E,Mystery Cell #8,GCL,GC,1,OFF,midi-J,-,-,
17061,118,189459,E,Mystery Cell #27,GCL,GC,1,OFF,midi-J?,-,-,cutoff
17062,152/153,241731/241732,E,Mystery Cell #39,GCL,GC,1,OFF,mini-J,-,-,
17064,147/154,231510/241735,E,Mystery Cell #38,GCL,GC,2+,,small flat,-,-,
17069,143,225376,E,Mystery Cell #36,GCL,GC,"1,4",ON/OFF,biGC2,-,-,"resemble ooDSGC, wider strat dist"
17071,202/203,259065/259066,E,Mystery Cell #40,GCL,GC,3,,small flat,-,-,
17075,65,122164,E,Mystery Cell #12,GCL,GC,1,OFF,midi-J,-,-,
17076,58,109920,E,Mystery Cell #9,GCL,GC,1,OFF,,-,-,
17077,217/218,261741/261742,E,Mystery Cell #41,GCL,GC,3,,broad,-,3,
17078,268/269,270187/270188,E,Mystery Cell #43,GCL,GC,"3,2",,,-,-,
17079,270/271,270189/270190,E,Mystery Cell #44,GCL,GC,2+,,large flat,-,-,
17080,301/302,285014/285015,E,Mystery Cell #45,GCL,GC,"2,4",ON/OFF,ooDSGC,-,-,
17081,252/253,267402/267403,E,Mystery Cell #42,GCL,GC,3,,small flat,-,-,
17082,315/316,293018/293019,E,Mystery Cell #46,GCL,GC,3,,small flat,-,-,
17083,346,298052,BO,Bomni Cell 806,GCL,GC,4-,,mid flat,-,-,
17084,40,73368,E,Mystery Cell #4,GCL,GC,2~4,ON/OFF,biGC1,-,-,
17090,347,298061,BO,Bomni Cell 807,GCL,GC,"3,2",,biGC,-,-,
17092,60,114798,E,Mystery Cell #10,GCL,GC,1,OFF,,-,-,
17093,348,298062,BO,Bomni Cell 808,GCL,GC,"3,2",,,-,-,
17095,350/351,298939/299027,E,Mystery Cell #47,GCL,GC,"3,1",,biGC6,-,3,
17097,357/358,303703/303982,E,Mystery Cell #48,GCL,GC,2~4,ON/OFF,biGC1,-,-,
17098,360/361,304781/308959,E,Mystery Cell #49,GCL,GC,"3,1",,biGC6,-,-,
17105,29,42466,E,J Cell #4,GCL,GC,1,OFF,mini-J,-,3,
17107,54,102541,E,Zoidberg Neuron,GCL,GC,1,OFF,,-,2,
17109,62,117298,E,Mystery Cell #11,GCL,GC,1,,,-,3,
17110,69,126312,E,Mystery Cell #14,GCL,GC,1-,OFF,,-,2,flat. close to INL
17111,461/462,368544/369603,E,Mystery Cell #64,GCL,GC,5,,large,-,3,
17114,362,304982,BO,Bomni Cell 809,GCL,GC,2~4,ON/OFF,biGC1,-,3,
17121,363,304994,BO,Bomni Cell 810,GCL,GC,"3,2",,,-,2,
17127,364,305001,BO,Bomni Cell 811,GCL,GC,3,,small flat,-,-,
17130,365/366,308558/319363,E,Mystery Cell #50,GCL,GC,1~2,,,-,-,
17132,367/368,308688/323806,E,Mystery Cell #51,GCL,GC,"1,3",,biGC5,-,2,
17134,375,321227,BO,Bomni cell 812,GCL,GC,2~4,,orphan,-,1,tiny three vertical branches
17135,86,139779,E,Mystery Cell #16,GCL,GC,1,,,-,3,
17138,382/383,323908/330242,E,Mystery Cell #52,GCL,GC,"3,2",,biGC,-,2,
17140,30,45325,E,J Cell #5,GCL,GC,2~4,ON/OFF,biGC1,-,2,from J candidate but no
17144,386/387,324221/334627,E,Mystery Cell #53,GCL,GC,1,OFF,,-,3,
17146,388/389,324265/338426,E,Mystery Cell #54,GCL,GC,3,,small flat,-,3,
17151,390,324352,BO,Bomni cell 813,GCL,GC,2+,,small flat,-,-,
17152,398,341899,E,Mystery Cell #55,GCL,GC,"4,2",,onDSGC,-,-,
17159,391,324389,BO,Bomni cell 814,GCL,GC,"3,2",,,-,2,
17160,392/1672,324409,BO/E,Bomni cell 815,GCL,GC,3,,small flat,-,3,reconstruction incomplete
17161,400/401,344470/344844,E,Mystery Cell #56,GCL,GC,"2,4",ON/OFF,ooDSGC,-,3,
17167,404/405,348289/348319,E,Mystery Cell #57,GCL,GC,2+,,small flat,-,3,
17168,423/424,352382/352842,E,Mystery Cell #58,GCL,GC,3,,small flat,-,3,
17176,425/426,352383/358310,E,Mystery Cell #59,GCL,GC,"1,3",,biGC5,-,-,
17177,32,49133,E,J Cell #6,GCL,GC,1,OFF,mini-J,-,-,
17181,428/429,361024/361091,E,Mystery Cell #60,GCL,GC,"3,2",,biGC,-,-,
17182,37,67791,E,Mystery Cell #3,GCL,GC,1-,OFF,,-,-,
17188,441/442,364011/364042,E,Mystery Cell #61,GCL,GC,2+,,large flat,-,-,
17190,443/444,365719/365752,E,Mystery Cell #62,GCL,GC,"3,2",,,-,-,
17192,458/459,366555/366557,E,Mystery Cell #63,GCL,GC,1,OFF,,-,-,
17200,89,158517,E,Mystery Cell #18,GCL,GC,1,,,-,-,cutoff
17205,90,158828,E,Mystery Cell #19,GCL,GC,1,OFF,,-,-,
17212,108,173229,E,Mystery Cell #22,GCL,GC,"1,4",,biGC2,-,-,
17216,33,50548,E,J Cell #7,GCL,GC,1,OFF,,-,-,
17236,111,179157,E,Mystery Cell #24,GCL,GC,1-,OFF,,-,-,
17238,109,175781,E,Mystery Cell #23,GCL,GC,1,OFF,midi-J?,-,-,cutoff
17247,104,169156,E,Mystery Cell #21,GCL,GC,3,,,-,3,
25008,786/968,676019/816690,BO,AA296,GCL,AC,"5,1",,wfAC,-,3,
25006,498/500,393919/398567,E,Mystery Cell #75,GCL,GC,"1,3",,biGC5,-,-,
25005,497/499,393913/398557,E,Mystery Cell #74,GCL,GC,"2,4",ON/OFF,ooDSGC,-,-,
25004,491/487,387696/387774,E,Mystery Cell #69,GCL,GC,2.5,,less flat,-,-,
25003,490,387366,E,Mystery Cell #68,GCL,GC,"5,1",,biGC3,-,-,
25002,489,384797,E,Mystery Cell #67,GCL,AC,,,wfAC WA4-1,-,-,
25001,486,384437,E,Mystery Cell #65,GCL,AC,,,mfAC,-,-,
20267,488,384610,E,Mystery Cell #66,GCL,AC,,,wfAC,3,3,
20266,492,388048,E,Mystery Cell #70,GCL,AC,,,mfAC,3,3,
20265,493,388235,E,Mystery Cell #71,GCL,AC,,,mfAC,3,3,some brances in GCL were not traced
20264,494/495,389350/389737,E,Mystery Cell #72,GCL,GC,1~2,,,3,3,
20263,496,389711,E,Mystery Cell #73,GCL,AC,,,wfAC,3,3,
20262,502/508,399178/400239,E,Mystery Cell #77,GCL,GC,"3,2",,,3,3,
20261,503,399479,E,#261,GCL,AC,,,mfAC,3,3,
20260,512,402335,E,#260,GCL,AC,3,,mfAC,1,1,
20259,504,399386,E,#259,GCL,AC,,,wfAC bifid,3,3,
20258,505/506,399410/399743,E,#258,GCL,GC,"3,1",,biGC6,3,3,
20257,509,400507,E,#257,GCL,GC,"1,5",,biGC3,3,3,
20256,519,400770,E,#256,GCL,AC,,,wfAC,3,3,
20255,510,401585,E,#255,GCL,GC,"4-,5",,,3,3,
20254,511/527,401700/412276,E,#254,GCL,GC,"2,4",ON/OFF,ooDSGC,3,3,
20253,514,405010,E,#253,GCL,AC,,,mfAC,3,3,
20252,516,405050,E,#252,GCL,AC,,,mfAC,3,3,
20251,517,406157,E,#251,GCL,GC,"5,1",,biGC3,3,3,
20250,518,406196,E,#250,GCL,AC,,,mfAC,3,3,
20249,520,406313,E,#249,GCL,AC,,,mfAC,3,3,
20248,529,415485,E,#248,GCL,GC,,,orphan,3,3,axon only cell
20247,530,415521,E,#247,GCL,AC,,,mfAC,3,3,
20246,531,420477,E,#246,GCL,AC,,,wfAC,3,3,
20245,532/534,420524/421516,E,#245,GCL,GC,"2,4",ON/OFF,ooDSGC,3,3,
20244,538/544,422552/422648,E,#244,GCL,AC,,,,3,3,
20243,533,420543,E,#243,GCL,GC,"1,5",,biGC3,3,3,
20242,535,421761,E,#242,GCL,AC,,,,3,3,
20241,536,422454,E,#241,GCL,AC,,,,3,3,
20240,513,403648,E,#240,GCL,GC,3,,,1,1,
20239,100,163902,E,#239,GCL,GC,"2,4",ON/OFF,ooDSGC,1,1,onDSGC?
20238,515,404220,E,#238,GCL,AC,,,wfAC,1,1,"asymmetric not many curvy branches. (976 9785 6579) axon like small protrusion, hard to find extension. "
20237,521/549,406398/406520,E,#237,GCL,GC,"1,3",,biGC5,1,1,
20236,522,406433,E,#236,GCL,AC,2,,mfAC,1,1,
20235,523,406512,E,#235,GCL,AC,5,,wfAC,1,1,
20234,524,409611,E,#234,GCL,GC,1,OFF,,1,1,
20233,525,409657,E,#233,GCL,GC,"2,4",ON/OFF,ooDSGC,1,1,
20232,526,409736,E,#232,GCL,GC,"4-,5",,,1,1,
20231,545,438195,E,#231,GCL,AC,,,wfAC,1,1,few branches. straight
20230,546,438276,E,#230,GCL,GC,2+,,small flat,1,1,
20229,547,438326,E,#229,GCL,AC,,,wfAC,1,1,asymmetric not many curvy branches
20228,550,446405,E,#228,GCL,GC,5,,large,1,1,
20227,551,446491,E,#227,GCL,AC,,,wfAC,1,1,straight few branches 6-4
20226,552/585,446562/446785,E,#226,GCL,GC,"3,2",,,1,1,
20225,553,446777,E,#225,GCL,AC,1,,mfAC,1,1,"very asymmetric, not so sparse, flat, J like"
20224,554,447850,E,#224,GCL,AC,5,,mfAC,1,1,
20223,555/586,446897/447173,E,#223,GCL,GC,3,,small flat,1,1,
20222,556/587,447004/447153,E,#222,GCL,GC,4-,ON,mid flat,1,1,
20221,557/588,455115/455120,E,#221,GCL,GC,"1,4",,biGC2,2,2,"resembles ooDSGC, more stuff between layers"
20220,558/590,455190/455431,E,#220,GCL,GC,"2,4",ON/OFF,ooDSGC,2,2,
20219,559,455518,E,#219,GCL,AC,,,wfAC,2,2,"sparse, irregular fiew branches"
20218,560,456313,E,#218,GCL,GC,"5,1",,biGC3,2,2,broad bistrat
20217,561/591,456366/456398,E,#217,GCL,GC,4-,,mid flat,2,2,
20216,562/589,456395/456448,E,#216,GCL,GC,"3,2",,,2,2,
20215,592,474141,E,#215,GCL,AC,,,mfAC,2,2,
20214,593/608,474142/474251,E,#214,GCL,AC,5,,wfAC,2,2,very messy ralatively straight branches
20213,594/636,474143/474690,E,#213,GCL,GC,"2,4",ON/OFF,ooDSGC,2,2,
20212,609/671,476885/485453,E,#212,GCL,GC,"3,1",,biGC6,2,2,
20211,610/637,476886/476978,E,#211,GCL,AC,,,wfAC,2,2,few straight branches
20210,611/638,476887/477095,E,#210,GCL,GC,"2,4",ON/OFF,ooDSGC,2,2,
20209,633,482181,E,#209,GCL,AC,2,,mfAC,2,2,
20208,634/667,482182/482801,E,#208,GCL,GC,2~4,,biGC1,2,2,
20207,635,482183,E,#207,GCL,AC,,,wfAC,2,2,straight few branches 6-4
20206,639/669/670,487035/487223/494385,E,#206,GCL,AC,5,,wfAC,2,2,very messy ralatively straight branches
20205,640/668,487036/487188,E,#205,GCL,AC,5,,,2,2,cdh3?
20204,641,487037,E,#204,GCL,AC,4,ON,SAC On,2,2,
20203,661,488569,E,#203,GCL,GC,1-,OFF,,2,2,most huge and sparse thin branch
20202,662,488570,E,#202,GCL,AC,1,OFF,mfAC,2,2,"asymmetric, not so sparse, flat, J like"
20201,663,488571,E,#201,GCL,GC,1,OFF,midi-J,2,2,
20200,664/672,492596/494021,E,#200,GCL,GC,"5,1",,biGC3,2,2,broad
20199,665,492597,E,#199,GCL,AC,3,,mfAC,2,2,
20198,666/673,492598/492763,E,#198,GCL,GC,4-,,small flat spiny,2,2,
20197,674/680,197751/502602,E,#197,GCL,GC,"5,1",,biGC3,2,2,broad bistrat
20196,675/681,300498/300499,E,#196,GCL,AC,4,ON,SAC On,2,2,
20195,676,482920,E,#195,GCL,AC,,,wfAC,2,2,crossing straight not many branches
20194,677,502437,E,#194,GCL,AC,3,,mfAC,2,2,curvy asymmetric
20193,678,502438,E,#193,GCL,AC,5,,mfAC,2,2,curvy
20192,679,502439,E,#192,GCL,AC,,,wfAC A1,2,2,
20191,682/694,509488/509540,E,#191,GCL,GC,"3,2",,,2,2,
20190,683,509496,E,#190,GCL,AC,3,,mfAC,2,2,
20189,684/695,509506/509654,E,#189,GCL,AC,,,wfAC,2,2,crossing straight not many branches
20188,685,509507,E,#188,GCL,AC,5,,wfAC,2,2,
20187,686/696,511079/503702,E,#187,GCL,GC,"1,4",,biGC2,2,2,different strat from ooDSGC. a little wider
20186,687/697,511080/511244,E,#186,GCL,GC,"1,3",,biGC5,2,2,
20185,688,511081,E,#185,GCL,AC,5,,mfAC,2,2,a little asymmetric
20184,689/706,511082/511458,E,#184,GCL,GC,"3,2",,,2,2,
20183,690/707,513495/535203,E,#183,GCL,GC,3,,,2,2,
20182,691/708,513508/513950,E,#182,GCL,GC,"3,1",,biGC6,2,2,
20181,692/709,464424/464476,E,#181,GCL,GC,2~4,,biGC1,2,2,
20180,693/710,513509/513629,E,#180,GCL,GC,"4,2",,onDSGC,2,2,irregular strat
20179,711/733,510083/510177,E,#179,GCL,GC,"2,4",ON/OFF,ooDSGC,2,2,
20178,712/732,542865/543491,E,#178,GCL,GC,2~4,,biGC1,2,2,
20177,713/734,543127/543266,E,#177,GCL,?,,,orphan,2,2,multiple axon like branches hard to trace
20176,714,402461,E,#176,GCL,AC,,,wfAC,2,2,crossing straight not many branches
20175,715,200278,E,#175,GCL,AC,,,wfAC,2,2,6 legs
20174,716/735,547061/547329,E,#174,GCL,GC,3,,,2,2,
20173,717,547062,E,#173,GCL,AC,5,,mfAC,2,2,
20172,718/736,547063/547237,E,#172,GCL,AC,5,,,2,2,very messy ralatively straight branches
20171,719,564730,E,#171,GCL,AC,5,,mfAC,2,2,
20170,720/737,565055/565138,E,#170,GCL,GC,2.5,,,2,2,
20169,721,565545,E,#169,GCL,AC,,,wfAC,2,2,
20168,722/738,346670/346712,E,#168,GCL,GC,1~2,,,2,2,
20167,723,567729,E,#167,GCL,GC,"5,1",,biGC3,2,2,broadly bistratified
20166,724/740,568404/564749,E,#166,GCL,GC,"1,4",,biGC2,2,2,broader than ooDSGC
20165,725,503691,E,#165,GCL,GC,3,,,2,2,
20164,726,568405,E,#164,GCL,GC,1-,OFF,,2,2,relatively flat
20163,727,568406,E,#163,GCL,GC,"1,5",,biGC3,2,2,
20162,728,568407,E,#162,GCL,AC,5,,mfAC,2,2,curvy
20161,729,568408,E,#161,GCL,GC,"5,1",,biGC3,2,2,
20160,730/762,568466/581199,E,#160,GCL,AC,1,,mfAC,2,2,asymmetric
20159,731,568467,E,#159,GCL,AC,,,wfAC,2,2,straight few branches 7-4
20158,537/763,422495/422780,E,#158,GCL,GC,"5,1",,biGC3,3,3,broadly bistratified
20157,541/781,425235/590711,E,#157,GCL,GC,1-,OFF,,3,3,
20156,787,617251,E,#156,GCL,GC,2+,,large flat,3,3,
20155,542/782,425265/425501,E,#155,GCL,GC,"1,5",,biGC3,3,3,
20154,741,576938,E,#154,GCL,GC?,,,orphan,3,3,3 branches in the GCL hard to trace
20153,742/783,455313/455583,E,#153,GCL,GC,"3,1",,biGC6,3,3,
20152,743,576939,E,#152,GCL,AC,,,,3,3,
20151,744,477937,E,#151,GCL,AC,,,,3,3,
20150,745/784,577368/578102,E,#150,GCL,GC,"1,4",,biGC2,3,3,
20149,746,577369,E,#149,GCL,AC,,,,3,3,
20148,747,577370,E,#148,GCL,AC,,,,3,3,
20147,748/785,577609/578502,E,#147,GCL,GC,1~2,,,3,3,
20146,749,577610,E,#146,GCL,AC,,,,3,3,
20145,750,577611,E,#145,GCL,AC,,,,3,3,
20144,751,206540,E,#144,GCL,AC,,,,3,3,
20143,752/792,580199/580220,E,#143,GCL,AC,,,,3,3,
20142,753,580200,E,#142,GCL,AC,,,,3,3,
20141,754,581621,E,#141,GCL,AC,,,,3,3,
20140,755/788,581622/581754,E,#140,GCL,GC,2~4,ON/OFF,biGC1,3,3,
20139,756/789,581623/581821,E,#139,GCL,AC,,,,3,3,
20138,757,581903,E,#138,GCL,AC,,,,3,3,
20137,758/790,581904/79997,E,#137,GCL,GC,"2,4",ON/OFF,ooDSGC,3,3,
20136,759/791,581905/582554,E,#136,GCL,AC,,,,3,3,protrusion on soma doesn't continue
20135,760/793,581906/582507,E,#135,GCL,GC,3,,,3,3,
20134,770,635924,E,#134,GCL,AC,,,,3,3,
20133,771,635925,E,#133,GCL,AC,,,,3,3,
20132,772/794,448165/448191,E,#132,GCL,GC,1-,OFF,,3,3,
20131,773/796,635926/636534,E,#131,GCL,AC,,,,3,3,
20130,774,448227,E,#130,GCL,AC,,,,3,3,
20129,775/797,643647/643951,E,#129,GCL,GC,2~4,,biGC1,3,3,
20128,776/798,644471/645258,E,#128,GCL,GC,3,,,3,3,
20127,777/799,645704/652375,E,#127,GCL,GC,3,,,3,3,
20126,778/800,244755/244882,E,#126,GCL,GC,5,,flat,3,3,
20125,779/801,149954/652532,E,#125,GCL,GC,"2,4",ON/OFF,ooDSGC,3,3,
20124,780/802,647065/665600,E,#124,GCL,AC,,,,3,3,
20123,803/813,659383/569673,E,#123,GCL,AC,,,,3,3,
20122,804,659585,E,#122,GCL,AC,,,,3,3,
20121,805,580586,E,#121,GCL,GC,1,,,3,3,
20120,806/814,663081/663158,E,#120,GCL,GC,"3,1",,biGC6,3,3,
20119,807,665775,E,#119,GCL,AC,4,,wfAC,3,3,irregular strat
20118,808/815,667258/667583,E,#118,GCL,GC,"5,1",,biGC3,3,3,
20117,809,674840,E,#117,GCL,GC,"1,4",,biGC2,3,3,
20116,810,669303,E,#116,GCL,AC,4,,mfAC,3,3,asymm
20115,811/816,669383/636750,E,#115,GCL,AC,4~5,,mfAC,3,3,irregular strat
20114,812/817,669569/669687,E,#114,GCL,GC,"3,1",,,3,3,
20113,818/851,675775/675910,E,#113,GCL,GC,"4-,5",,,3,3,
20112,819/852,676088/676207,E,#112,GCL,GC,5,,flat,3,3,
20111,820,676721,E,#111,GCL,GC?,1~5,,orphan,3,3,multiple axons?
20110,821/854,677073/677135,E,#110,GCL,AC,5,,mfAC,3,3,asymm
20109,822/855,677151/677206,E,#109,GCL,AC,4,,wfAC,3,3,
20108,823,677659,E,#108,GCL,AC,5,,mfAC,3,3,
20107,824/856,677728/207301,E,#107,GCL,GC,3,OFF,broad,3,3,
20106,825,679629,E,#106,GCL,AC,4,,mfAC,3,3,asymm
20105,826/853,679765/533385,E,#105,GCL,GC,"1,3",,biGC5,3,3,
20104,827/857,679883/594014,E,#104,GCL,GC,"1,3",,biGC5,3,3,
20103,828,683439,E,#103,GCL,GC,1,OFF,midi-J,3,3,
20102,829/858,684678/684067,E,#102,GCL,GC,"3,2",,,3,3,
20101,830/859,684995/685165,E,#101,GCL,GC,"1,3",,biGC5,3,3,
20100,831/860,686045/686190,E,#100,GCL,GC,"1,4",,biGC2,3,3,"resemble ooDSGC, little wider or more stuff"
20099,832,686292,E,#99,GCL,AC,5,,mfAC,3,3,asymm multiple axon like branches 
20098,833,686401,E,#98,GCL,AC,5,,wfAC,3,3,
20097,834/861,687000/522968,E,#97,GCL,GC,"3,2",,,3,3,
20096,835/862,696929/697206,E,#96,GCL,GC,"2,4",ON/OFF,ooDSGC,3,3,
20095,836,701191,E,#95,GCL,AC,5,,mfAC,3,3,an axon like branch hard to trace
20094,837,701266,E,#94,GCL,AC,2~5,ON/OFF,orphan nfAC,3,3,bistrat AC
20093,838,702048,E,#93,GCL,AC,5,,wfAC,3,3,
20092,839/943,724531/724673,E,Mystery #92a/b,GCL,GC,1-,OFF,,3,3,
20091,840,726750,E,Mystery #91,GCL,AC,"1,5",,wfAC,3,3,bistrat AC
20090,841/944,727358/727408,E,Mystery #90a/b,GCL,AC,5,,mfAC,3,3,
20089,842/945,727728/742637,E,Lightning #89a/b,GCL,GC,"3,2",,,3,3,
20088,843,729525,E,Fort EyeWire Mystery #88,GCL,AC,"5,1",,wfAC,3,3,
20087,844,729860,E,Lightning #87,GCL,AC,1,,wfAC bifid,3,3,
20086,845,730136,E,Lightning #86,GCL,AC,5,,wfAC,3,3,
20085,846/947,735429/581336,E,Lightning #85,GCL,AC,1,,,3,3,axon like branches terminate
20084,847/948,735530/756585,E,Lightning #84,GCL,AC,1,,mfAC,3,3,
20083,848/949,735618/738750,E,Lightning#83 a/b,GCL,AC,5,,mfAC,3,3,
20082,849,735788,E, Mystery #82,GCL,GC,1,OFF,,3,3,
20081,850,735916,E,Mystery #81,GCL,GC,"5,1",,biGC3,3,3,
20080,863,743265,E,Mystery #80,GCL,GC,"5,1",,biGC3,3,3,
20079,864,743623,E,Lightning #79,GCL,AC,5,,wfAC,3,3,very messy
20078,865,756796,E,Mystery #78,GCL,AC,5~1,,mfAC,3,3,
20077,866,757012,E,Lightning #77,GCL,AC,1,,mfAC,3,3,
20076,867/950,758506/758816,E,Mystery #76a/b,GCL,GC,5,,flat,3,3,
20075,868/951,760190/761184,E,Mystery #75a/b,GCL,GC,"4,2",ON/OFF,onDSGC,3,3,
20074,869/953,769450/769641,E,Mystery #74a/b,GCL,GC,"1,4",ON/OFF,biGC2,3,3,
20073,870/954,769996/109525,E,Lightning #73a/b,GCL,GC,4-,,small flat spiny,3,3,
20072,871/955,771032/771374,E,Fort Eyewire #72a/b,GCL,GC,"5,1",,biGC3,3,3,
20071,872/956,772106/772321,E,Lightning #71a/b,GCL,GC,2~4,,biGC1,3,3,
20070,873/957,772364/341360,E,Lightning #70a/b,GCL,GC,"4-,5",,,3,3,
20069,874,774823,E,Mystery #69,GCL,GC,"5,1",,biGC3,3,3,
20068,875/958,777214/ 778285,E,Mystery#68 a/b,GCL,GC,4-,,mid flat,3,3,
20067,876/959,779595/782058,E,Lightning #67 a/b,GCL,GC,"1,3",,biGC5,3,3,
20066,877/960,785379/9095,E,Lightning #66 a/b,GCL,GC,1,OFF,mini-J,3,3,
20065,878,788406,E,Lightning #65,GCL,AC,5,,mfAC,3,3,
20064,879,789642,E,Mystery #64,GCL,AC,4,,wfAC,3,3,
20063,880,789757,E,Marathon #63,GCL,GC,"5,1",,biGC3,3,3,
20062,881/961,790265/793924,E,Lightning #62a/b,GCL,AC,4,ON,SAC On,3,3,
20061,882,790816,E,Mystery #61,GCL,AC,"5,1",,,3,3,
20060,883/963,791266/694340,E,Mystery #60 a/b,GCL,GC,1,OFF,mini-J,3,3,
20059,884,791367,E,Lightning #59,GCL,AC,3,,wfAC,3,3,
20058,885,805048,E, Lightning #58,GCL,AC,5,,wfAC,3,3,
20057,886,805238,E,Lightning #57,GCL,AC,5,,wfAC,3,3,
20056,887,805530,E,Mystery #56,GCL,GC,5,,flat,3,3,
20055,888/964,805871/805953,E,Mystery #55a/b,GCL,GC,"3,1",,w3,3,3,
20054,889/965,806052/809034,E,Lightning #54a/b,GCL,AC,,,,3,3,
20053,890/966,807368/809963,E,Mystery #53a/b,GCL,GC,3,,sl-3n,3,3,
20052,891,810118,E,Lightning #52,GCL,AC,,,,3,3,
20051,892/967,810411/810784,E,Mystery #51a/b,GCL,GC,1,,sl-1,3,3,
20050,893,811623,E,Mystery #50,GCL,AC,,,,3,3,
20049,894,812250,E,Mystery #49,GCL,AC,,,,3,3,
20048,895,817091,E,Lightning #48,GCL,AC,,,,3,3,
20047,896,817237,E,Mystery #47,GCL,GC,1,,midi-J,3,3,
20046,897,823199,E,Mystery #46,GCL,GC,4~5,,,3,3,
20045,898/970,817678/817742,E,Lightning #45a/b,GCL,GC,"1,3",,,3,3,
20044,899,817772,E,Lightning #44,GCL,AC,4,,SAC On,3,3,
20043,900/971,817875/818095,E,Mystery #43a/b,GCL,GC,"4,1",,,3,3,
20042,901/972,818343/818566,E,Mystery #42a/b,GCL,GC,"5,1",,,3,3,
20041,902/973,819239/819378,E,Lightning #41a/b,GCL,GC,4-,,,3,3,
20040,903,819552,E,Mystery #40,GCL,AC,,,,3,3,
20039,904,820165,E,Mystery #39,GCL,AC,,,,3,3,
20038,905,820743,E,Lightning #38,GCL,AC,,,,3,3,
20037,906/975,832879/486822,E,Lightning #37a/b,GCL,GC,"3,1",,,3,3,
20036,907/978,833429/838203,E,Mystery #36a/b,GCL,GC,"1,3",,,3,3,
20035,908/976,833554/833644,E,Lightning #35a/b,GCL,AC,,,,3,3,
20034,909,833766,E,Mystery #34,GCL,AC,,,,3,3,
20033,910/977,833950/834587,E,Lightning #33a/b,GCL,AC,,,,3,3,
20032,911/980,834767/842778,E,Lightning #32a/b,GCL,AC,,,SAC On,3,3,
20031,912/981,834869/838316,E,Lightning #31a/b,GCL,AC,,,,3,3,
20030,913/979,834889/843074,E,Lightning #30a/b,GCL,AC,,,SAC On,3,3,
20029,914,834938,E,Mystery #29,GCL,GC,,,s1L,3,3,
20028,915,835252,E,Lightning #28,GCL,AC,,,,3,3,
20027,916,841315,E,Lighting #27,GCL,AC,,,,3,3,
20026,917,841378,E,Mystery #26,GCL,AC,,,,3,3,
20025,918,841437,E,Lightning  #25,GCL,AC,,,,3,3,
20024,919/1008,841560/848924,E,Lightning #24a/b,GCL,GC,,,mini-J,3,3,
20023,920,848753,E,Lightning #23,GCL,AC,,,,3,3,
20022,921,848851,E,Lightning #22,GCL,AC,,,,3,3,
20021,922,848981,E,Mystery #21,GCL,GC,,,s4XL,3,3,
20020,923/1009,849750/849950,E,Mystery #20a/b,GCL,GC,,,GSBC3rn,3,3,
20019,924/1011,850124/850890,E,Lightning #19a/b,GCL,GC,,,,3,3,
20018,925,850721,E,Lightning #18,GCL,AC,,,,3,3,
20017,926/1010,851093/851162,E,Marathon #17a/b,GCL,AC,,,,3,3,
20016,927/1012,851386/851435,E,Mystery #16a/b,GCL,GC,,,,3,3,
20015,928,853420,E,Lightning #15,GCL,AC,,,,3,3,
20014,929/1013,853648/357340,E,Mystery #14a/b,GCL,GC,,,,3,3,
20013,930/1014,856459/856559,E,Lightning #13a/b,GCL,AC,,,,3,3,
20012,931/1015,856596/856726,E,Lightning#12a/b,GCL,GC,,,,3,3,
20011,932/1348,856814/857043,E,Lightning #11a/b,GCL,GC,,,,3,3,
20010,933/1347,857025/857155,E,Mystery #10a/b,GCL,AC,,,,3,3,
20009,934,857275,E,Lightning #9,GCL,AC,,,,3,3,
20008,935/1346,857308/857394,E,Lightning #8a/b,GCL,AC,,,,3,3,
20007,936,857693,E, Lightning#7,GCL,AC,,,,3,3,
20006,937,857897,E,Mystery #6,GCL,GC,,,,3,3,
20005,938/1394,858275/858293,E,Lightning #5 a/b,GCL,GC,,,,3,3,
20004,939/1395,859115/918329,E,Lightning #4,GCL,AC,,,,3,3,
20003,940/1396,859892/811434,E,Mystery #3,GCL,AC,,,,3,3,
20002,941/1397,859946/859949,E,Mystery #2,GCL,GC,,,,3,3,
20001,942,860120,E,Lightning #1,GCL,AC,,,,3,3,
,,,,,,,,,,,,
26001,982,864966,E,bonus mystery #1,GCL,GC,,,,,,
26002,989/1398,866490/866914,E,bonus Mystery#2a/b,GCL,GC,,,,,,
26003,986/1399,865959/866068,E,bonus lightning  #3a/b,GCL,GC,,,,,,
26004,1016/1400,889105/889446,E,bonus lightnign #4a/b,GCL,GC,,,,,,
26005,1001/1401,870331/871215,E,bonus Mystery #5a/b,GCL,GC,,,,,,
26006,1017/1431,889526/889684,E,,GCL,GC,,,s3a/n,,,
26007,369,308771,E,,GCL,AC,,,SAC,,,
26008,1320/1432,896426/895659,E,,GCL,GC,,,s3a/n,,,
26009,1321,896637,E,,GCL,AC,,,SAC,,,
26010,984,865717,E,,GCL,AC,,,SAC,,,
26011,1317,895185,E,,GCL,AC,,,SAC,,,
26012,1342,901333,E,,GCL,AC,,,SAC,,,
26013,1323,896772,E,,GCL,AC,,,SAC,,,
26014,1354,905104,E,,GCL,AC,,,SAC,,,
26015,1377,909442,E,,GCL,AC,,,SAC,,,
26016,1022,891237,E,,GCL,AC,,,SAC,,,
26017,992,867649,E,,GCL,AC,,,SAC,,,
26018,994,867735,E,,GCL,GC,,,midi-J,,,
26019,996/1542,868540/868709,E,,GCL,GC,,,BSGC4~5,,,
26020,1002/1625,870614/917784,E,,GCL,GC,,,s4n,,,
26021,1343/1626,901337/935839,E,,GCL,GC,,,,,,
26022,1365,907004,E,,GCL,GC,,,,,,
26023,501,399099,E,,GCL,GC,,,BSGC1ie,,,
26024,985/1541,865793/72364,E,,GCL,GC,,,s1n,,,
26025,988,866323,E,,GCL,GC,,,BSGC6r,,,
26026,991,867362,E,,GCL,GC,,,mini-j,,,
26027,995,868021,E,,GCL,GC,,,BSGC1ie,,,
26028,998,869104,E,,GCL,GC,,,BSGC1ie,,,
26029,1018,889733,E,,GCL,GC,,,ooDSGC,,,
26030,1364,906806,E,,GCL,GC,,,close to edge,,,
26031,1005/1628,871479/918135,E,,GCL,GC,,,s1,,,
26032,1006,871590,E,,GCL,GC,,,ooDSGC,,,
26033,1007,871832,E,,GCL,GC,,,,,,
26034,1019/1627,890333/854700,E,,GCL,GC,,,,,,
26035,1020/1629,890468,E,,GCL,GC,,,,,,
26036,1021,890876,E,,GCL,GC,,,,,,
26037,1025,891413,E,,GCL,GC,,,,,,
26038,1309/1630,894185,E,,GCL,GC,,,,,,
26039,1316,894897,E,,GCL,GC,,,,,,
26040,1318,895248,E,,GCL,GC,,,,,,
26041,1327,897263,E,,GCL,GC,,,,,,
26042,1333,898025,E,,GCL,GC,,,,,,
26043,1334/1631,898114,E,,GCL,GC,,,,,,
26044,1336/1632,898520,E,,GCL,GC,,,,,,
26045,1337/1642,898701,E,,GCL,GC,,,,,,
26046,1344/1643,901438,E,,GCL,GC,,,,,,
26047,1345,901671,E,,GCL,GC,,,,,,
26048,1350/1644,904233,E,,GCL,GC,,,,,,
26049,1353,904758,E,,GCL,GC,,,mini-j,,,
26050,1359/1633,905992,E,,GCL,GC,,,,,,
26051,1362,906581,E,,GCL,GC,,,,,,
26052,1335,898404,E,,GCL,GC,,,,,,
26053,1367,907597,E,,GCL,GC,,,w3,,,
26054,1368,907735,E,,GCL,GC,,,,,,
26055,1371,908384,E,,GCL,GC,,,midi-j,,,
26056,1372,908564,E,,GCL,GC,,,ooDSGC,,,
26057,1373/1634,908674,E,,GCL,GC,,,,,,
26058,1374/1635,908994,E,,GCL,GC,,,,,,
26059,1378/1636,909576,E,,GCL,GC,,,,,,
26060,1380,909988,E,,GCL,GC,,,mini-j,,,
26061,1382/1638,910081,E,,GCL,GC,,,,,,
26062,1383/1637,910507,E,,GCL,GC,,,,,,
26063,1384,911307,E,,GCL,GC,,,,,,
26064,1386,911749,E,,GCL,AC,,,,,,
26065,1387,911784,E,,GCL,GC,,,,,,
26066,1389,911981,E,,GCL,GC,,,,,,
26067,1392,912208,E,,GCL,GC,,,,,,
26068,1390,912101,E,,GCL,GC,,,,,,
26069,1459,956362,E,,GCL,GC?,,,axon only,,,
26070,1453,948665,E,,GCL,GC,,,,,,
26071,1487,961078,E,,GCL,GC,,,,,,
26072,1405,938659,E,,GCL,GC,,,,,,
26073,1407/1640,942817,E,,GCL,GC,,,,,,
26074,1506,963320,E,,GCL,GC,,,,,,
26075,1509/1641,963913,E,,GCL,GC,,,,,,
26076,1560,970942,E,,GCL,GC,,,,,,
26077,1580,974242,E,,GCL,GC,,,,,,
26078,1582,974502,E,,GCL,GC,,,onDSGC?,,,
26079,1596,978762,E,,GCL,GC,,,close to edge,,,
26080,1598,979322,E,,GCL,GC,,,close to edge,,,
26081,1031,892089,E,,GCL,GC,,,close to edge,,,
26082,1408,942943,E,,GCL,GC,,,,,,
26083,1409,943045,E,,GCL,GC,,,,,,
26084,1411,943514,E,,GCL,GC,,,,,,
26085,1418,944316,E,,GCL,GC,,,,,,
26086,1420,944577,E,,GCL,GC,,,,,,
26087,1422,944789,E,,GCL,GC,,,,,,
26088,1423/1645,944886,E,,GCL,GC,,,,,,
26089,1428,945716,E,,GCL,GC,,,,,,
26090,1430,945949,E,,GCL,GC,,,,,,
26091,1435,946527,E,,GCL,GC,,,,,,
26092,1436,946629,E,,GCL,GC,,,,,,
26093,1439,947221,E,,GCL,GC,,,,,,
26094,1438,946901,E,,GCL,GC,,,,,,
26095,1440,947496,E,,GCL,GC,,,,,,
26096,1441,947724,E,,GCL,GC,,,,,,
26097,1447,948056,E,,GCL,GC,,,,,,
26098,1451,948487,E,,GCL,GC,,,,,,
26099,1452,948597,E,,GCL,GC,,,,,,
26100,1454/1646,948922,E,,GCL,GC,,,,,,
26101,1461,950800,E,,GCL,GC,,,,,,
26102,1462,951117,E,,GCL,GC,,,,,,
26103,1463,951435,E,,GCL,GC,,,,,,
26104,1464,951825,E,,GCL,GC,,,,,,
26105,1465,951909,E,,GCL,GC,,,,,,
26106,1466,952091,E,,GCL,GC,,,,,,
26107,1467,952583,E,,GCL,GC,,,close to edge,,,
26108,1468,952874,E,,GCL,GC,,,,,,
26109,1469,953042,E,,GCL,GC,,,,,,
26110,1470,953397,E,,GCL,GC,,,,,,
26111,1471,953536,E,,GCL,GC,,,,,,
26112,1473,953930,E,,GCL,GC,,,,,,
26113,1478,954366,E,,GCL,GC,,,close to edge,,,
26114,1482,955063,E,,GCL,GC,,,,,,
26115,1483,955237,E,,GCL,GC,,,,,,
26116,1492,961841,E,,GCL,GC,,,,,,
26117,1493,961881,E,,GCL,GC,,,,,,
26118,1494,961992,E,,GCL,GC,,,,,,
26119,1495,962005,E,,GCL,GC,,,,,,
26120,1497,962251,E,,GCL,GC,,,,,,
26121,1501,962950,E,,GCL,GC,,,,,,
26122,1502,963047,E,,GCL,GC?,,,,,,
26123,1507,963400,E,,GCL,GC,,,,,,
26124,1508,963547,E,,GCL,GC,,,,,,
26125,1510,964237,E,,GCL,GC,,,,,,
26126,1513,964357,E,,GCL,GC,,,,,,
26127,1514,964596,E,,GCL,GC,,,,,,
26128,1515,964707,E,,GCL,GC,,,,,,
26129,1516,964901,E,,GCL,GC,,,,,,
26130,1518,965184,E,,GCL,GC,,,,,,
26131,1519,965189,E,,GCL,GC,,,,,,
26132,1522,965688,E,,GCL,GC,,,,,,
26133,1523,966002,E,,GCL,GC,,,,,,
26134,1525,966323,E,,GCL,GC,,,,,,
26135,1526,966408,E,,GCL,GC,,,,,,
26136,1527,966523,E,,GCL,GC,,,,,,
26137,1528,966591,E,,GCL,GC,,,,,,
26138,1530,966782,E,,GCL,GC,,,,,,
26139,1531,966925,E,,GCL,AC,,,SAC,,,
26140,1532,966996,E,,GCL,GC,,,,,,
26141,1534,967385,E,,GCL,GC,,,,,,
26142,1536,967600,E,,GCL,GC,,,,,,
26143,1537,967687,E,,GCL,AC,,,SAC,,,
26144,1544,968140,E,,GCL,GC,,,,,,
26145,1547,968776,E,,GCL,GC,,,,,,
26146,1548,968864,E,,GCL,GC,,,,,,
26147,1549,980802,E,,GCL,GC,,,,,,
26148,1550,968982,E,,GCL,GC,,,,,,
26149,1551,969190,E,,GCL,GC,,,,,,
26150,1552,969564,E,,GCL,GC,,,,,,
26151,1553,969625,E,,GCL,GC,,,,,,
26152,1555,970144,E,,GCL,GC,,,,,,
26153,1559,970846,E,,GCL,GC,,,,,,
26154,1556,970327,E,,GCL,GC,,,,,,
26155,1565,971652,E,,GCL,GC,,,,,,
26156,1569,972174,E,,GCL,GC,,,close to edge,,,
26157,1571,972250,E,,GCL,GC,,,,,,
26158,1574,972897,E,,GCL,GC,,,,,,
26159,1575,972898,E,,GCL,GC,,,,,,
26160,1577,973642,E,,GCL,GC,,,,,,
26161,1578,974023,E,,GCL,GC,,,,,,
26162,1576,973559,E,,GCL,GC,,,close to edge,,,
26163,1583,974659,E,,GCL,GC,,,,,,
26164,1584,974849,E,,GCL,GC,,,,,,
26165,1588,976929,E,,GCL,GC,,,,,,
26166,1590,977591,E,,GCL,GC,,,,,,
26167,1592,978061,E,,GCL,GC,,,,,,
26168,1593,978250,E,,GCL,GC,,,,,,
26169,1594,978582,E,,GCL,AC,,,SAC,,,
26170,1597,979131,E,,GCL,GC,,,,,,
26171,1599,979484,E,,GCL,GC,,,,,,
26172,1601,979884,E,,GCL,GC,,,,,,
26173,1602,980356,E,,GCL,GC,,,,,,
26174,1603,980450,E,,GCL,AC,,,SAC,,,
26175,1605,980598,E,,GCL,GC,,,,,,
26176,1606,980803,E,,GCL,GC,,,,,,
26177,1607,980811,E,,GCL,GC,,,,,,
26178,1608,980816,E,,GCL,GC,,,,,,
26179,1613,981409,E,,GCL,GC,,,close to edge,,,
26180,1615,981638,E,,GCL,AC,,,SAC,,,
26181,1624,981996,E,,GCL,GC,,,,,,
26182,1614,981477,E,,GCL,AC,,,,,,
26183,1616,981683,E,,GCL,GC,,,,,,
26184,1618,981757,E,,GCL,AC,,,SAC?,,,
26185,1621,981935,E,,GCL,GC,,,,,,
26186,1623,981984,E,,GCL,AC,,,SAC,,,
26187,1032,892094,E,,GCL,GC,,,close to edge,,,
26188,121,890267,E,,GCL,GC,,,close to edge,,,
26189,1033,892099,E,,GCL,GC,,,close to edge,,,
26190,1027,891702,E,,GCL,GC,,,close to edge,,,
26191,1028,891847,E,,GCL,GC,,,close to edge,,,
26192,1315,894873,E,,GCL,AC?,,,close to edge,,,
26193,1404,938647,E,,GCL,GC,,,,,,
26194,1488,961506,E,,GCL,GC,,,close to edge,,,
26195,1489,961615,E,,GCL,GC,,,close to edge,,,
26196,1604,980503,E,,GCL,AC,,,SAC?,,,
26197,1426,945535,E,,GCL,AC,,,SAC,,,
26198,983,865566,E,,GCL,AC,,,,,,
26199,987,866171,E,,GCL,AC,,,,,,
26200,990,867005,E,,GCL,AC,,,,,,
26201,993,867698,E,,GCL,AC,,,,,,
26202,997,868851,E,,GCL,AC,,,,,,
26203,999,869735,E,,GCL,AC,,,,,,
26204,1000,869931,E,,GCL,AC,,,,,,
26205,1003,871347,E,,GCL,AC,,,,,,
26206,1004,871436,E,,GCL,AC,,,,,,
26207,1023,891293,E,,GCL,AC,,,,,,
26208,1024,891322,E,,GCL,AC,,,,,,
26209,1026,891568,E,,GCL,AC,,,,,,
26210,1029,892033,E,,GCL,AC,,,,,,
26211,1030,892081,E,,GCL,AC,,,,,,
26212,1034,892102,E,,GCL,AC,,,,,,
26213,1305,893817,E,,GCL,AC,,,,,,
26214,1306,893871,E,,GCL,AC,,,,,,
26215,1307,893930,E,,GCL,AC,,,,,,
26216,1308,894111,E,,GCL,AC,,,,,,
26217,1310,894271,E,,GCL,AC,,,,,,
26218,1311,894439,E,,GCL,AC,,,,,,
26219,1312,894630,E,,GCL,AC,,,,,,
26220,1313,894802,E,,GCL,AC,,,,,,
26221,1314,894830,E,,GCL,AC,,,,,,
26222,1319,896412,E,,GCL,AC,,,,,,
26223,1322,896721,E,,GCL,AC,,,,,,
26224,1324,896933,E,,GCL,AC,,,,,,
26225,1325,897166,E,,GCL,AC,,,,,,
26226,1326,897193,E,,GCL,AC,,,,,,
26227,1328,897507,E,,GCL,AC,,,,,,
26228,1329,897567,E,,GCL,AC,,,,,,
26229,1330,897703,E,,GCL,AC,,,,,,
26230,1331,897776,E,,GCL,AC,,,,,,
26231,1332,897786,E,,GCL,AC,,,,,,
26232,1338,899237,E,,GCL,AC,,,,,,
26233,1339,899289,E,,GCL,AC,,,,,,
26234,1340,900821,E,,GCL,AC,,,,,,
26235,1341,901167,E,,GCL,AC,,,,,,
26236,1351,904431,E,,GCL,AC,,,,,,
26237,1352,904532,E,,GCL,AC,,,,,,
26238,1349,914139,E,,GCL,AC,,,,,,
26239,1355,905308,E,,GCL,AC,,,,,,
26240,1356,905432,E,,GCL,AC,,,,,,
26241,1357,905670,E,,GCL,AC,,,,,,
26242,1358,905958,E,,GCL,AC,,,,,,
26243,1360,906108,E,,GCL,AC,,,,,,
26244,1361,906397,E,,GCL,AC,,,,,,
26245,1363,906689,E,,GCL,AC,,,,,,
26246,1366,907116,E,,GCL,AC,,,,,,
26247,1369,908050,E,,GCL,AC,,,,,,
26248,1370,908272,E,,GCL,AC,,,,,,
26249,1375,909287,E,,GCL,AC,,,,,,
26250,1376,909350,E,,GCL,AC,,,,,,
26251,1379,909872,E,,GCL,AC,,,,,,
26252,1381,910036,E,,GCL,AC,,,,,,
26253,1385,911624,E,,GCL,AC,,,,,,
26254,1388,911925,E,,GCL,AC,,,,,,
26255,1391,912160,E,,GCL,AC,,,,,,
26256,1393,912258,E,,GCL,AC,,,,,,
26257,1406,940800,E,,GCL,AC,,,,,,
26258,1410,943288,E,,GCL,AC,,,,,,
26259,1412,943773,E,,GCL,AC,,,,,,
26260,1413,943801,E,,GCL,AC,,,,,,
26261,1414,943888,E,,GCL,AC,,,,,,
26262,1415,943913,E,,GCL,AC,,,,,,
26263,1416,944037,E,,GCL,AC,,,,,,
26264,1417,944137,E,,GCL,AC,,,,,,
26265,1419,944440,E,,GCL,AC,,,,,,
26266,1421,944731,E,,GCL,AC,,,,,,
26267,1424,945249,E,,GCL,AC,,,,,,
26268,1425,945363,E,,GCL,AC,,,,,,
26269,1427,945680,E,,GCL,AC,,,,,,
26270,1429,945876,E,,GCL,AC,,,,,,
26271,1433,946141,E,,GCL,AC,,,,,,
26272,1434,946481,E,,GCL,AC,,,,,,
26273,1437,946739,E,,GCL,AC,,,,,,
26274,1442,947773,E,,GCL,AC,,,,,,
26275,1443,947885,E,,GCL,AC,,,,,,
26276,1444,947901,E,,GCL,AC,,,,,,
26277,1445,947915,E,,GCL,AC,,,,,,
26278,1446,948017,E,,GCL,AC,,,,,,
26279,1448,948069,E,,GCL,AC,,,,,,
26280,1449,948315,E,,GCL,AC,,,,,,
26281,1450,948387,E,,GCL,AC,,,,,,
26282,1455,949082,E,,GCL,AC,,,,,,
26283,1456,949313,E,,GCL,AC,,,,,,
26284,1457,950259,E,,GCL,AC,,,,,,
26285,1458,950523,E,,GCL,AC,,,,,,
26286,1460,950546,E,,GCL,AC,,,,,,
26287,1472,953753,E,,GCL,AC,,,,,,
26288,1474,954004,E,,GCL,AC,,,,,,
26289,1475,954081,E,,GCL,AC,,,,,,
26290,1476,954168,E,,GCL,AC,,,,,,
26291,1477,954294,E,,GCL,AC,,,,,,
26292,1479,954544,E,,GCL,AC,,,,,,
26293,1480,954676,E,,GCL,AC,,,,,,
26294,1481,954828,E,,GCL,AC,,,,,,
26295,1484,955319,E,,GCL,AC,,,,,,
26296,1485,960901,E,,GCL,AC,,,,,,
26297,1486,961066,E,,GCL,AC,,,,,,
26298,1490,961709,E,,GCL,AC,,,,,,
26299,1491,961797,E,,GCL,AC,,,close to edge,,,
26300,1496,962039,E,,GCL,AC,,,,,,
26301,1499,962697,E,,GCL,AC,,,,,,
26302,1500,962814,E,,GCL,AC,,,,,,
26303,1503,963145,E,,GCL,AC,,,,,,
26304,1504,963169,E,,GCL,AC,,,,,,
26305,1505,963225,E,,GCL,AC,,,,,,
26306,1498,979050,E,,GCL,AC,,,,,,
26307,1511,964243,E,,GCL,AC,,,,,,
26308,1512,964277,E,,GCL,AC,,,close to edge,,,
26309,1517,964989,E,,GCL,AC,,,,,,
26310,1520,965346,E,,GCL,AC,,,,,,
26311,1521,965435,E,,GCL,AC,,,,,,
26312,1524,966251,E,,GCL,AC,,,,,,
26313,1529,966749,E,,GCL,AC,,,,,,
26314,1533,967146,E,,GCL,AC,,,,,,
26315,1535,967565,E,,GCL,?,,,close to edge,,,
26316,1538,967757,E,,GCL,AC,,,,,,
26317,1539,967878,E,,GCL,AC,,,,,,
26318,1540,967919,E,,GCL,AC,,,,,,
26319,1543,968061,E,,GCL,AC,,,,,,
26320,1545,968303,E,,GCL,AC,,,,,,
26321,1546,968547,E,,GCL,AC,,,,,,
26322,1554,969913,E,,GCL,AC,,,,,,
26323,1557,970687,E,,GCL,AC,,,,,,
26324,1558,970800,E,,GCL,AC,,,,,,
26325,1561,971076,E,,GCL,AC,,,,,,
26326,1562,971279,E,,GCL,AC,,,,,,
26327,1563,971333,E,,GCL,AC,,,,,,
26328,1564,971425,E,,GCL,AC,,,,,,
26329,1566,971739,E,,GCL,AC,,,,,,
26330,1567,971827,E,,GCL,AC,,,,,,
26331,1568,971982,E,,GCL,AC,,,,,,
26332,1570,972243,E,,GCL,AC,,,,,,
26333,1572,972838,E,,GCL,AC,,,,,,
26334,1573,972864,E,,GCL,AC,,,,,,
26335,1579,974093,E,,GCL,AC,,,,,,
26336,1581,974269,E,,GCL,AC,,,,,,
26337,1585,976260,E,,GCL,AC,,,,,,
26338,1586,976769,E,,GCL,AC,,,,,,
26339,1587,976831,E,,GCL,AC,,,,,,
26340,1589,977409,E,,GCL,AC,,,,,,
26341,1591,977963,E,,GCL,AC,,,,,,
26342,1595,978639,E,,GCL,AC,,,,,,
26343,1600,979668,E,,GCL,AC,,,,,,
26344,1610,981121,E,,GCL,AC,,,,,,
26345,1611,981302,E,,GCL,AC,,,,,,
26346,1609,983127,E,,GCL,AC,,,,,,
26347,1612,981305,E,,GCL,AC,,,,,,
26348,1617,981753,E,,GCL,AC,,,,,,
26349,1619,981758,E,,GCL,AC,,,,,,
26350,1620,981831,E,,GCL,AC,,,,,,
26351,1622,981976,E,,GCL,AC,,,,,,